date,symbol,open,high,low,close,volume
2019-01-01,AAPL,150.0,151.02,149.89,150.93,29620536.0
2019-01-01,MSFT,100.0,101.84,99.99,101.82,12847532.0
2019-01-02,AAPL,150.93,153.22,145.91,148.05,23911723.0
2019-01-02,MSFT,101.82,101.93,100.18,100.28,8898649.0
2019-01-03,AAPL,148.05,151.04,147.55,150.23,27932617.0
2019-01-03,MSFT,100.28,101.06,100.0,100.93,28453803.0
2019-01-04,AAPL,150.23,154.22,149.77,152.99,19433475.0
2019-01-04,MSFT,100.93,104.99,100.52,104.65,7288966.0
2019-01-07,AAPL,152.99,155.15,146.11,147.51,28225611.0
2019-01-07,MSFT,104.65,105.38,104.14,105.03,14085243.0
2019-01-08,AAPL,147.51,147.76,143.87,143.99,22992100.0
2019-01-08,MSFT,105.03,105.39,103.58,103.79,27180298.0
2019-01-09,AAPL,143.99,145.32,143.48,144.39,23564128.0
2019-01-09,MSFT,103.79,105.1,103.23,104.5,28896141.0
2019-01-10,AAPL,144.39,145.12,142.94,143.59,9444652.0
2019-01-10,MSFT,104.5,104.54,103.68,103.76,14417541.0
2019-01-11,AAPL,143.59,144.16,142.93,143.61,19172135.0
2019-01-11,MSFT,103.76,103.79,101.51,101.55,16635467.0
2019-01-14,AAPL,143.61,143.92,141.22,141.37,23284847.0
2019-01-14,MSFT,101.55,102.95,101.24,102.71,18083715.0
2019-01-15,AAPL,141.37,144.46,140.95,143.8,24024998.0
2019-01-15,MSFT,102.71,104.76,102.61,104.57,25555371.0
2019-01-16,AAPL,143.8,148.01,142.12,145.99,28939810.0
2019-01-16,MSFT,104.57,104.93,103.8,104.1,24217203.0
2019-01-17,AAPL,145.99,146.37,145.88,146.23,13173625.0
2019-01-17,MSFT,104.1,104.25,103.21,103.52,18102805.0
2019-01-18,AAPL,146.23,149.89,145.97,149.44,12566583.0
2019-01-18,MSFT,103.52,104.13,101.81,102.0,14287460.0
2019-01-21,AAPL,149.44,152.7,148.9,150.83,29236997.0
2019-01-21,MSFT,102.0,102.75,101.57,101.79,14309496.0
2019-01-22,AAPL,150.83,151.37,147.84,148.47,29654033.0
2019-01-22,MSFT,101.79,102.42,100.02,100.93,21227566.0
2019-01-23,AAPL,148.47,150.28,147.85,149.57,9497018.0
2019-01-23,MSFT,100.93,100.98,99.26,99.37,25881771.0
2019-01-24,AAPL,149.57,149.9,146.17,146.94,14459400.0
2019-01-24,MSFT,99.37,103.31,99.1,102.41,6916996.0
2019-01-25,AAPL,146.94,149.49,146.91,149.46,28702248.0
2019-01-25,MSFT,102.41,103.25,102.33,103.2,24221023.0
2019-01-28,AAPL,149.46,150.33,147.21,149.38,9993087.0
2019-01-28,MSFT,103.2,104.21,103.11,104.17,17022641.0
2019-01-29,AAPL,149.38,149.62,148.75,148.93,24579113.0
2019-01-29,MSFT,104.17,106.09,103.93,105.67,8630052.0
2019-01-30,AAPL,148.93,149.47,146.73,147.08,7807155.0
2019-01-30,MSFT,105.67,107.28,105.44,107.0,7412974.0
2019-01-31,AAPL,147.08,150.84,146.89,150.58,9457789.0
2019-01-31,MSFT,107.0,107.62,105.64,106.34,13426079.0
2019-02-01,AAPL,150.58,152.75,149.33,150.21,24624047.0
2019-02-01,MSFT,106.34,107.29,106.16,106.84,11207103.0
2019-02-04,AAPL,150.21,150.29,149.02,149.06,20186684.0
2019-02-04,MSFT,106.84,106.92,106.3,106.42,7602814.0
2019-02-05,AAPL,149.06,149.99,147.84,148.13,18870635.0
2019-02-05,MSFT,106.42,108.05,105.82,107.2,12333520.0
2019-02-06,AAPL,148.13,152.32,146.64,149.69,26414660.0
2019-02-06,MSFT,107.2,107.88,107.07,107.81,25842840.0
2019-02-07,AAPL,149.69,152.17,148.97,150.79,12678282.0
2019-02-07,MSFT,107.81,107.85,107.18,107.2,22939595.0
2019-02-08,AAPL,150.79,152.45,150.36,152.03,17582421.0
2019-02-08,MSFT,107.2,107.33,104.67,105.02,10225928.0
2019-02-11,AAPL,152.03,153.68,151.73,153.34,20211259.0
2019-02-11,MSFT,105.02,105.49,104.77,105.3,21852604.0
2019-02-12,AAPL,153.34,159.88,153.04,159.74,23496709.0
2019-02-12,MSFT,105.3,105.57,104.39,105.0,16292482.0
2019-02-13,AAPL,159.74,161.18,156.13,158.59,13302529.0
2019-02-13,MSFT,105.0,105.32,101.72,101.96,23677002.0
2019-02-14,AAPL,158.59,159.21,156.85,157.12,20840874.0
2019-02-14,MSFT,101.96,103.08,101.59,102.81,11182243.0
2019-02-15,AAPL,157.12,157.85,154.18,154.79,16208943.0
2019-02-15,MSFT,102.81,104.42,102.8,104.42,6543876.0
2019-02-18,AAPL,154.79,159.18,153.4,156.67,18548950.0
2019-02-18,MSFT,104.42,108.76,104.36,108.7,12821044.0
2019-02-19,AAPL,156.67,160.28,156.47,160.11,26566603.0
2019-02-19,MSFT,108.7,108.86,108.03,108.07,29847855.0
2019-02-20,AAPL,160.11,161.14,159.45,159.83,14841344.0
2019-02-20,MSFT,108.07,108.16,106.89,107.2,18895971.0
2019-02-21,AAPL,159.83,160.32,157.17,157.38,21704161.0
2019-02-21,MSFT,107.2,107.33,105.26,105.38,6360500.0
2019-02-22,AAPL,157.38,157.75,154.57,155.01,28549793.0
2019-02-22,MSFT,105.38,106.72,103.9,105.76,29384887.0
2019-02-25,AAPL,155.01,157.71,154.69,157.0,24060045.0
2019-02-25,MSFT,105.76,106.46,105.35,106.14,25643694.0
2019-02-26,AAPL,157.0,159.88,156.47,159.28,29718080.0
2019-02-26,MSFT,106.14,106.48,104.73,104.83,18592497.0
2019-02-27,AAPL,159.28,162.18,155.97,160.99,19587338.0
2019-02-27,MSFT,104.83,105.91,101.87,104.57,23506723.0
2019-02-28,AAPL,160.99,161.35,158.93,159.05,12048787.0
2019-02-28,MSFT,104.57,104.76,101.11,101.4,9619253.0
2019-03-01,AAPL,159.05,160.9,158.33,159.81,29784951.0
2019-03-01,MSFT,101.4,103.73,100.74,102.93,19794044.0
2019-03-04,AAPL,159.81,160.79,158.93,160.23,21114411.0
2019-03-04,MSFT,102.93,103.24,101.22,101.72,27824777.0
2019-03-05,AAPL,160.23,161.03,160.17,160.96,11035251.0
2019-03-05,MSFT,101.72,102.42,101.28,101.7,15971429.0
2019-03-06,AAPL,160.96,163.83,160.75,163.71,12929732.0
2019-03-06,MSFT,101.7,102.4,98.91,99.48,5973838.0
2019-03-07,AAPL,163.71,165.24,163.47,164.47,11557279.0
2019-03-07,MSFT,99.48,99.53,98.55,98.6,23928308.0
2019-03-08,AAPL,164.47,167.44,162.89,166.66,25840184.0
2019-03-08,MSFT,98.6,98.77,98.02,98.21,23252408.0
2019-03-11,AAPL,166.66,167.28,166.45,166.94,7313973.0
2019-03-11,MSFT,98.21,98.68,97.62,98.22,23496445.0
2019-03-12,AAPL,166.94,170.94,165.87,167.93,23497647.0
2019-03-12,MSFT,98.22,99.16,97.97,99.0,21210663.0
2019-03-13,AAPL,167.93,170.17,167.59,170.01,18850487.0
2019-03-13,MSFT,99.0,101.77,98.57,101.31,8429458.0
2019-03-14,AAPL,170.01,170.39,164.92,165.47,6836815.0
2019-03-14,MSFT,101.31,102.75,101.2,102.52,7863557.0
2019-03-15,AAPL,165.47,165.95,163.88,164.54,20333980.0
2019-03-15,MSFT,102.52,104.32,102.16,104.12,24815811.0
2019-03-18,AAPL,164.54,165.07,162.54,163.15,23828784.0
2019-03-18,MSFT,104.12,106.77,104.01,106.56,26378301.0
2019-03-19,AAPL,163.15,163.34,160.98,161.26,23149039.0
2019-03-19,MSFT,106.56,107.99,106.34,107.56,6963924.0
2019-03-20,AAPL,161.26,161.56,160.07,160.49,18212852.0
2019-03-20,MSFT,107.56,107.67,107.47,107.53,19525625.0
2019-03-21,AAPL,160.49,165.63,159.65,165.16,13386148.0
2019-03-21,MSFT,107.53,110.75,106.45,109.29,17513653.0
2019-03-22,AAPL,165.16,167.27,160.08,162.54,9096098.0
2019-03-22,MSFT,109.29,111.39,109.04,111.19,13751084.0
2019-03-25,AAPL,162.54,166.73,161.72,165.61,5306420.0
2019-03-25,MSFT,111.19,112.51,111.08,112.37,21127045.0
2019-03-26,AAPL,165.61,165.79,160.22,160.5,13988835.0
2019-03-26,MSFT,112.37,112.5,109.7,109.87,27855290.0
2019-03-27,AAPL,160.5,160.79,159.15,159.55,20805738.0
2019-03-27,MSFT,109.87,109.96,108.43,108.46,25542221.0
2019-03-28,AAPL,159.55,161.67,158.47,160.11,5941409.0
2019-03-28,MSFT,108.46,109.18,106.98,108.03,8827341.0
2019-03-29,AAPL,160.11,162.37,159.5,161.96,29967387.0
2019-03-29,MSFT,108.03,109.47,107.99,109.4,16577755.0
2019-04-01,AAPL,161.96,165.07,160.97,164.22,19648783.0
2019-04-01,MSFT,109.4,109.45,109.27,109.4,28393256.0
2019-04-02,AAPL,164.22,167.74,163.54,166.77,12363733.0
2019-04-02,MSFT,109.4,111.6,109.3,111.42,10921451.0
2019-04-03,AAPL,166.77,167.88,163.66,165.74,29052664.0
2019-04-03,MSFT,111.42,114.09,111.19,113.79,26351535.0
2019-04-04,AAPL,165.74,166.28,163.72,164.37,9598361.0
2019-04-04,MSFT,113.79,116.01,113.78,116.0,17266490.0
2019-04-05,AAPL,164.37,167.49,163.82,167.13,28939958.0
2019-04-05,MSFT,116.0,118.49,115.8,118.27,18034682.0
2019-04-08,AAPL,167.13,168.0,165.19,166.59,12044173.0
2019-04-08,MSFT,118.27,118.74,116.21,116.39,11255202.0
2019-04-09,AAPL,166.59,166.62,162.66,162.69,14493274.0
2019-04-09,MSFT,116.39,117.45,116.33,117.32,27982049.0
2019-04-10,AAPL,162.69,163.11,159.14,159.31,15635386.0
2019-04-10,MSFT,117.32,118.25,115.98,116.25,18218134.0
2019-04-11,AAPL,159.31,159.86,155.86,156.63,29870927.0
2019-04-11,MSFT,116.25,117.56,111.73,113.31,19371859.0
2019-04-12,AAPL,156.63,158.25,156.48,158.18,11272823.0
2019-04-12,MSFT,113.31,113.4,112.75,112.83,16562704.0
2019-04-15,AAPL,158.18,159.05,158.0,158.67,29321782.0
2019-04-15,MSFT,112.83,115.28,112.78,115.25,7232687.0
2019-04-16,AAPL,158.67,161.58,157.79,160.82,13674000.0
2019-04-16,MSFT,115.25,116.35,114.95,116.13,24512612.0
2019-04-17,AAPL,160.82,162.32,158.83,159.59,12129600.0
2019-04-17,MSFT,116.13,120.3,115.73,119.93,13214799.0
2019-04-18,AAPL,159.59,162.26,157.45,160.14,20955168.0
2019-04-18,MSFT,119.93,121.61,118.68,120.3,11002252.0
2019-04-19,AAPL,160.14,162.51,159.76,162.11,22343722.0
2019-04-19,MSFT,120.3,125.62,119.66,125.07,24551113.0
2019-04-22,AAPL,162.11,162.2,160.99,161.23,13625699.0
2019-04-22,MSFT,125.07,125.6,124.87,125.47,9999629.0
2019-04-23,AAPL,161.23,163.64,159.25,162.7,8351673.0
2019-04-23,MSFT,125.47,125.65,125.42,125.56,22068702.0
2019-04-24,AAPL,162.7,162.78,160.65,160.74,14901473.0
2019-04-24,MSFT,125.56,125.8,122.81,123.1,16854633.0
2019-04-25,AAPL,160.74,161.17,158.66,159.71,18510508.0
2019-04-25,MSFT,123.1,125.33,123.06,125.31,24998613.0
2019-04-26,AAPL,159.71,160.33,157.22,158.63,6000781.0
2019-04-26,MSFT,125.31,125.47,124.31,124.37,6262609.0
2019-04-29,AAPL,158.63,159.01,154.72,155.15,6966318.0
2019-04-29,MSFT,124.37,124.57,122.99,123.15,24364634.0
2019-04-30,AAPL,155.15,157.83,154.56,156.65,27948562.0
2019-04-30,MSFT,123.15,125.91,122.91,125.71,10733515.0
2019-05-01,AAPL,156.65,156.91,154.38,155.33,5896592.0
2019-05-01,MSFT,125.71,128.12,125.59,128.07,26765581.0
2019-05-02,AAPL,155.33,157.4,154.21,155.43,15172148.0
2019-05-02,MSFT,128.07,130.46,128.0,130.41,13842622.0
2019-05-03,AAPL,155.43,157.59,154.76,156.92,24097335.0
2019-05-03,MSFT,130.41,130.93,129.41,129.72,5174759.0
2019-05-06,AAPL,156.92,158.93,156.24,158.31,13203587.0
2019-05-06,MSFT,129.72,130.09,129.29,129.66,17190742.0
2019-05-07,AAPL,158.31,162.53,156.15,160.38,17369320.0
2019-05-07,MSFT,129.66,129.89,129.02,129.58,6368372.0
2019-05-08,AAPL,160.38,162.46,159.22,160.15,7162104.0
2019-05-08,MSFT,129.58,131.69,128.86,131.24,11735917.0
2019-05-09,AAPL,160.15,160.71,158.33,158.94,24860944.0
2019-05-09,MSFT,131.24,134.74,131.02,134.53,22917070.0
2019-05-10,AAPL,158.94,159.14,158.69,158.77,20854580.0
2019-05-10,MSFT,134.53,135.53,134.41,135.36,19015912.0
2019-05-13,AAPL,158.77,159.55,153.15,153.85,26291356.0
2019-05-13,MSFT,135.36,140.19,134.84,139.69,22719013.0
2019-05-14,AAPL,153.85,154.41,148.91,149.76,26595623.0
2019-05-14,MSFT,139.69,142.45,139.32,141.73,26960366.0
2019-05-15,AAPL,149.76,150.5,144.89,146.12,13770122.0
2019-05-15,MSFT,141.73,142.12,140.7,141.25,16700128.0
2019-05-16,AAPL,146.12,146.24,143.05,143.46,6028829.0
2019-05-16,MSFT,141.25,143.53,140.48,143.16,18593186.0
2019-05-17,AAPL,143.46,144.87,143.36,144.6,13658744.0
2019-05-17,MSFT,143.16,147.96,142.66,147.11,6456398.0
2019-05-20,AAPL,144.6,144.97,141.87,142.21,8631811.0
2019-05-20,MSFT,147.11,152.23,146.8,151.87,12170988.0
2019-05-21,AAPL,142.21,142.78,140.7,141.26,18332415.0
2019-05-21,MSFT,151.87,154.86,151.69,154.79,23105859.0
2019-05-22,AAPL,141.26,145.66,140.75,144.83,8659745.0
2019-05-22,MSFT,154.79,155.19,154.04,154.9,6549524.0
2019-05-23,AAPL,144.83,145.17,143.8,143.92,28047535.0
2019-05-23,MSFT,154.9,155.14,154.19,154.43,13980498.0
2019-05-24,AAPL,143.92,146.29,143.71,146.0,20056871.0
2019-05-24,MSFT,154.43,156.39,154.09,155.89,8416657.0
2019-05-27,AAPL,146.0,146.01,143.5,143.5,11325840.0
2019-05-27,MSFT,155.89,160.84,155.01,160.11,26434074.0
2019-05-28,AAPL,143.5,144.13,142.51,143.01,28030762.0
2019-05-28,MSFT,160.11,161.48,159.92,161.27,19030434.0
2019-05-29,AAPL,143.01,143.14,140.15,140.52,24242191.0
2019-05-29,MSFT,161.27,162.56,161.2,162.48,21111748.0
2019-05-30,AAPL,140.52,142.88,138.72,139.68,15944209.0
2019-05-30,MSFT,162.48,163.19,161.92,162.67,22092720.0
2019-05-31,AAPL,139.68,142.99,138.5,141.98,8662678.0
2019-05-31,MSFT,162.67,162.88,161.46,161.89,10607687.0
2019-06-03,AAPL,141.98,143.15,136.66,137.47,13595161.0
2019-06-03,MSFT,161.89,162.26,160.26,161.54,6241698.0
2019-06-04,AAPL,137.47,139.76,136.72,138.66,19600193.0
2019-06-04,MSFT,161.54,162.29,161.21,161.94,14944328.0
2019-06-05,AAPL,138.66,139.8,137.79,139.35,24146017.0
2019-06-05,MSFT,161.94,166.66,161.55,166.44,9638745.0
2019-06-06,AAPL,139.35,140.24,136.55,137.85,11548180.0
2019-06-06,MSFT,166.44,166.47,165.85,165.87,13049860.0
2019-06-07,AAPL,137.85,138.22,133.39,134.19,23564226.0
2019-06-07,MSFT,165.87,166.16,165.48,166.07,12977031.0
2019-06-10,AAPL,134.19,134.78,133.03,134.43,12070915.0
2019-06-10,MSFT,166.07,167.29,163.33,163.88,24550129.0
2019-06-11,AAPL,134.43,134.45,133.12,133.14,11168903.0
2019-06-11,MSFT,163.88,165.93,163.8,165.79,12994327.0
2019-06-12,AAPL,133.14,133.92,132.95,133.79,16175452.0
2019-06-12,MSFT,165.79,169.89,165.27,169.46,8783775.0
2019-06-13,AAPL,133.79,134.0,133.72,133.9,9020659.0
2019-06-13,MSFT,169.46,174.96,169.03,173.91,28960175.0
2019-06-14,AAPL,133.9,138.45,133.72,138.07,15116388.0
2019-06-14,MSFT,173.91,175.76,172.08,174.53,6226752.0
2019-06-17,AAPL,138.07,139.43,136.99,137.5,13945250.0
2019-06-17,MSFT,174.53,178.22,172.97,176.18,10094264.0
2019-06-18,AAPL,137.5,137.65,134.74,134.93,12001043.0
2019-06-18,MSFT,176.18,176.69,175.48,175.82,13681594.0
2019-06-19,AAPL,134.93,136.55,133.91,135.44,24390084.0
2019-06-19,MSFT,175.82,177.4,175.72,177.35,6563008.0
2019-06-20,AAPL,135.44,136.6,135.07,136.06,13293203.0
2019-06-20,MSFT,177.35,178.66,176.39,178.29,27485823.0
2019-06-21,AAPL,136.06,140.72,135.61,139.66,22376584.0
2019-06-21,MSFT,178.29,178.96,178.02,178.52,13825370.0
2019-06-24,AAPL,139.66,142.17,139.26,141.94,23007224.0
2019-06-24,MSFT,178.52,179.0,178.42,178.97,24556328.0
2019-06-25,AAPL,141.94,143.76,141.26,142.96,21646342.0
2019-06-25,MSFT,178.97,180.82,178.18,180.31,8361049.0
2019-06-26,AAPL,142.96,147.4,142.7,147.03,11733234.0
2019-06-26,MSFT,180.31,180.44,179.3,179.54,18040663.0
2019-06-27,AAPL,147.03,148.14,142.88,143.82,10913789.0
2019-06-27,MSFT,179.54,180.19,178.14,178.92,8164549.0
2019-06-28,AAPL,143.82,144.6,141.08,142.16,11928257.0
2019-06-28,MSFT,178.92,183.99,178.81,183.86,10791138.0
2019-07-01,AAPL,142.16,143.67,138.8,139.75,26874712.0
2019-07-01,MSFT,183.86,192.74,182.66,191.94,15186266.0
2019-07-02,AAPL,139.75,139.9,138.55,138.78,13492093.0
2019-07-02,MSFT,191.94,192.45,188.23,188.4,26567787.0
2019-07-03,AAPL,138.78,138.86,135.2,135.27,22425456.0
2019-07-03,MSFT,188.4,189.04,183.95,184.77,12659778.0
2019-07-04,AAPL,135.27,137.43,135.02,136.96,6058486.0
2019-07-04,MSFT,184.77,185.86,181.15,182.07,23869543.0
2019-07-05,AAPL,136.96,140.77,132.92,136.44,20358102.0
2019-07-05,MSFT,182.07,182.41,181.48,181.84,7293169.0
2019-07-08,AAPL,136.44,137.37,132.33,132.76,26718644.0
2019-07-08,MSFT,181.84,184.8,181.12,184.48,11288472.0
2019-07-09,AAPL,132.76,133.1,129.23,130.29,22717600.0
2019-07-09,MSFT,184.48,187.47,183.53,186.28,20107585.0
2019-07-10,AAPL,130.29,131.68,129.65,131.12,19560743.0
2019-07-10,MSFT,186.28,187.18,185.57,186.85,16706389.0
2019-07-11,AAPL,131.12,133.4,130.69,133.27,26225736.0
2019-07-11,MSFT,186.85,188.92,186.54,188.48,17542494.0
2019-07-12,AAPL,133.27,139.17,132.15,138.45,12453057.0
2019-07-12,MSFT,188.48,189.6,184.83,186.5,21957082.0
2019-07-15,AAPL,138.45,147.27,137.54,146.35,14419519.0
2019-07-15,MSFT,186.5,187.77,183.98,185.85,6927491.0
2019-07-16,AAPL,146.35,147.72,146.18,147.56,6735413.0
2019-07-16,MSFT,185.85,185.9,185.84,185.85,22386795.0
2019-07-17,AAPL,147.56,147.7,144.56,144.89,22459332.0
2019-07-17,MSFT,185.85,188.18,180.77,181.34,26568611.0
2019-07-18,AAPL,144.89,145.9,137.39,139.22,23085237.0
2019-07-18,MSFT,181.34,181.67,177.81,178.12,24152836.0
2019-07-19,AAPL,139.22,140.46,137.59,139.99,23784455.0
2019-07-19,MSFT,178.12,179.08,174.26,175.06,12117826.0
2019-07-22,AAPL,139.99,140.35,137.75,137.91,23718437.0
2019-07-22,MSFT,175.06,178.26,173.91,177.24,13773623.0
2019-07-23,AAPL,137.91,138.49,136.37,136.89,8184590.0
2019-07-23,MSFT,177.24,178.3,177.04,177.99,29034519.0
2019-07-24,AAPL,136.89,136.99,135.0,135.37,21654466.0
2019-07-24,MSFT,177.99,182.53,177.29,179.77,24749493.0
2019-07-25,AAPL,135.37,135.52,134.77,135.07,24083238.0
2019-07-25,MSFT,179.77,181.11,173.91,174.7,28288465.0
2019-07-26,AAPL,135.07,137.96,134.99,137.87,10094524.0
2019-07-26,MSFT,174.7,174.9,170.23,170.73,27836991.0
2019-07-29,AAPL,137.87,138.56,137.38,138.34,16912015.0
2019-07-29,MSFT,170.73,173.28,168.98,172.58,15852415.0
2019-07-30,AAPL,138.34,139.64,136.38,137.99,27830401.0
2019-07-30,MSFT,172.58,172.81,164.75,165.25,8235719.0
2019-07-31,AAPL,137.99,138.07,135.23,135.37,15370249.0
2019-07-31,MSFT,165.25,168.93,164.54,168.53,10714173.0
2019-08-01,AAPL,135.37,138.04,129.76,131.2,23828950.0
2019-08-01,MSFT,168.53,168.86,163.26,163.81,12354886.0
2019-08-02,AAPL,131.2,131.25,129.95,130.06,18258652.0
2019-08-02,MSFT,163.81,166.51,163.49,166.06,25871317.0
2019-08-05,AAPL,130.06,131.69,129.27,129.98,21443908.0
2019-08-05,MSFT,166.06,166.48,163.41,163.81,11906126.0
2019-08-06,AAPL,129.98,134.56,129.7,134.45,20662650.0
2019-08-06,MSFT,163.81,166.96,162.62,166.6,14032146.0
2019-08-07,AAPL,134.45,136.02,133.74,134.84,21273598.0
2019-08-07,MSFT,166.6,175.35,166.53,175.3,26282694.0
2019-08-08,AAPL,134.84,138.35,134.05,137.43,24484381.0
2019-08-08,MSFT,175.3,175.39,169.06,169.19,9088767.0
2019-08-09,AAPL,137.43,138.29,135.17,136.19,27608942.0
2019-08-09,MSFT,169.19,171.33,169.04,171.11,21590366.0
2019-08-12,AAPL,136.19,136.52,132.78,133.23,12391653.0
2019-08-12,MSFT,171.11,172.29,165.74,166.37,18790192.0
2019-08-13,AAPL,133.23,133.69,130.02,130.88,28207678.0
2019-08-13,MSFT,166.37,168.35,165.78,167.55,29611265.0
2019-08-14,AAPL,130.88,130.92,129.12,129.15,20696555.0
2019-08-14,MSFT,167.55,169.36,165.37,167.06,17235061.0
2019-08-15,AAPL,129.15,135.8,128.16,134.51,19890935.0
2019-08-15,MSFT,167.06,168.36,166.45,167.46,18030861.0
2019-08-16,AAPL,134.51,135.15,131.46,132.49,13193241.0
2019-08-16,MSFT,167.46,167.49,165.06,165.14,26250446.0
2019-08-19,AAPL,132.49,135.68,132.1,134.66,15416735.0
2019-08-19,MSFT,165.14,167.68,164.61,167.24,29792126.0
2019-08-20,AAPL,134.66,135.92,131.11,132.44,21290633.0
2019-08-20,MSFT,167.24,168.66,162.36,163.52,23232034.0
2019-08-21,AAPL,132.44,134.97,132.32,134.85,14093349.0
2019-08-21,MSFT,163.52,167.22,163.17,166.81,22451996.0
2019-08-22,AAPL,134.85,136.97,133.74,135.89,12182111.0
2019-08-22,MSFT,166.81,167.39,165.55,165.8,26903487.0
2019-08-23,AAPL,135.89,135.9,135.53,135.54,25476971.0
2019-08-23,MSFT,165.8,166.2,161.82,162.23,29493168.0
2019-08-26,AAPL,135.54,137.63,134.01,135.5,15385721.0
2019-08-26,MSFT,162.23,166.66,161.69,166.42,23367572.0
2019-08-27,AAPL,135.5,135.6,133.73,133.89,21115133.0
2019-08-27,MSFT,166.42,166.87,165.81,166.3,12309387.0
2019-08-28,AAPL,133.89,135.18,133.84,135.07,5779732.0
2019-08-28,MSFT,166.3,173.54,165.34,171.43,21054374.0
2019-08-29,AAPL,135.07,135.7,132.63,133.97,6931650.0
2019-08-29,MSFT,171.43,175.4,171.23,174.82,10904553.0
2019-08-30,AAPL,133.97,135.47,129.92,130.96,26204308.0
2019-08-30,MSFT,174.82,175.12,171.96,172.7,17504428.0
2019-09-02,AAPL,130.96,131.22,127.7,127.89,8554650.0
2019-09-02,MSFT,172.7,173.32,171.87,172.53,16111562.0
2019-09-03,AAPL,127.89,129.5,127.42,128.36,24895052.0
2019-09-03,MSFT,172.53,173.57,170.84,172.92,29688832.0
2019-09-04,AAPL,128.36,132.53,127.94,132.3,27504647.0
2019-09-04,MSFT,172.92,177.81,172.43,177.19,18858404.0
2019-09-05,AAPL,132.3,133.02,131.92,132.76,17034901.0
2019-09-05,MSFT,177.19,179.05,175.95,178.48,28979120.0
2019-09-06,AAPL,132.76,132.86,132.44,132.52,27112453.0
2019-09-06,MSFT,178.48,179.69,178.2,179.04,25203415.0
2019-09-09,AAPL,132.52,133.45,132.35,133.29,15680673.0
2019-09-09,MSFT,179.04,180.21,176.72,178.54,26221324.0
2019-09-10,AAPL,133.29,136.93,132.66,136.68,28795811.0
2019-09-10,MSFT,178.54,178.78,178.2,178.46,9231858.0
2019-09-11,AAPL,136.68,138.16,136.1,137.3,10927883.0
2019-09-11,MSFT,178.46,183.0,178.16,182.23,24382980.0
2019-09-12,AAPL,137.3,137.87,135.64,136.3,15696274.0
2019-09-12,MSFT,182.23,183.07,181.7,182.3,11287066.0
2019-09-13,AAPL,136.3,140.15,135.1,139.24,14722848.0
2019-09-13,MSFT,182.3,183.46,180.28,181.23,19438988.0
2019-09-16,AAPL,139.24,140.67,139.15,140.43,24601522.0
2019-09-16,MSFT,181.23,181.81,179.13,179.69,17153896.0
2019-09-17,AAPL,140.43,144.83,140.2,144.62,6092956.0
2019-09-17,MSFT,179.69,181.24,176.92,178.19,11493834.0
2019-09-18,AAPL,144.62,145.57,144.41,145.19,25705625.0
2019-09-18,MSFT,178.19,178.22,174.35,174.36,29621679.0
2019-09-19,AAPL,145.19,145.21,141.91,141.92,5585780.0
2019-09-19,MSFT,174.36,176.05,170.31,172.38,26885975.0
2019-09-20,AAPL,141.92,142.7,138.06,138.36,12892422.0
2019-09-20,MSFT,172.38,177.05,172.14,176.56,19356218.0
2019-09-23,AAPL,138.36,143.86,137.46,142.8,19901706.0
2019-09-23,MSFT,176.56,176.93,175.83,176.04,5270403.0
2019-09-24,AAPL,142.8,147.86,142.59,147.59,8633442.0
2019-09-24,MSFT,176.04,179.33,173.93,178.07,9581732.0
2019-09-25,AAPL,147.59,148.82,145.79,147.15,17252922.0
2019-09-25,MSFT,178.07,178.63,170.65,171.31,10685999.0
2019-09-26,AAPL,147.15,147.41,145.92,146.15,29925659.0
2019-09-26,MSFT,171.31,173.36,169.95,172.91,29297854.0
2019-09-27,AAPL,146.15,151.18,144.99,150.31,5755480.0
2019-09-27,MSFT,172.91,174.19,170.5,172.54,15093311.0
2019-09-30,AAPL,150.31,150.92,146.86,147.26,19794058.0
2019-09-30,MSFT,172.54,172.93,170.47,171.29,6168360.0
2019-10-01,AAPL,147.26,147.99,144.5,144.85,19933397.0
2019-10-01,MSFT,171.29,171.95,171.18,171.84,19653928.0
2019-10-02,AAPL,144.85,146.9,144.44,146.68,6705623.0
2019-10-02,MSFT,171.84,172.0,170.33,170.57,28760895.0
2019-10-03,AAPL,146.68,147.14,145.11,145.65,21255306.0
2019-10-03,MSFT,170.57,170.98,163.95,165.01,16100298.0
2019-10-04,AAPL,145.65,146.25,144.62,145.7,18025009.0
2019-10-04,MSFT,165.01,167.78,164.7,167.49,9395395.0
2019-10-07,AAPL,145.7,145.94,144.87,145.31,22044733.0
2019-10-07,MSFT,167.49,168.38,167.34,168.19,26969816.0
2019-10-08,AAPL,145.31,146.49,145.09,146.3,12437550.0
2019-10-08,MSFT,168.19,168.26,167.26,167.42,7619954.0
2019-10-09,AAPL,146.3,150.98,145.6,150.31,11390693.0
2019-10-09,MSFT,167.42,167.47,164.92,164.95,28338211.0
2019-10-10,AAPL,150.31,151.32,149.0,150.63,23398965.0
2019-10-10,MSFT,164.95,165.03,161.19,161.23,10558223.0
2019-10-11,AAPL,150.63,152.58,150.58,152.54,23039481.0
2019-10-11,MSFT,161.23,162.05,161.04,161.86,8454135.0
2019-10-14,AAPL,152.54,154.11,145.01,146.8,9042957.0
2019-10-14,MSFT,161.86,166.75,161.69,166.08,13717719.0
2019-10-15,AAPL,146.8,146.84,146.6,146.73,10409989.0
2019-10-15,MSFT,166.08,167.4,165.68,166.67,5124019.0
2019-10-16,AAPL,146.73,146.76,144.38,144.47,19659003.0
2019-10-16,MSFT,166.67,166.77,162.99,163.14,5351342.0
2019-10-17,AAPL,144.47,144.68,140.71,141.24,25725956.0
2019-10-17,MSFT,163.14,163.83,163.1,163.78,9661882.0
2019-10-18,AAPL,141.24,141.68,137.89,138.97,10044910.0
2019-10-18,MSFT,163.78,164.32,163.38,163.7,22311395.0
2019-10-21,AAPL,138.97,140.06,136.12,138.15,10477916.0
2019-10-21,MSFT,163.7,166.19,163.5,166.0,25361687.0
2019-10-22,AAPL,138.15,141.79,137.48,140.62,25194455.0
2019-10-22,MSFT,166.0,169.78,165.38,167.65,11193185.0
2019-10-23,AAPL,140.62,140.79,136.99,137.2,22417650.0
2019-10-23,MSFT,167.65,168.42,159.66,160.0,21113096.0
2019-10-24,AAPL,137.2,137.52,136.65,137.34,27557143.0
2019-10-24,MSFT,160.0,161.73,159.91,161.44,13785110.0
2019-10-25,AAPL,137.34,137.89,134.56,136.14,24585337.0
2019-10-25,MSFT,161.44,162.42,158.64,158.97,15823991.0
2019-10-28,AAPL,136.14,136.25,135.02,135.36,28831948.0
2019-10-28,MSFT,158.97,159.98,154.84,155.5,13372542.0
2019-10-29,AAPL,135.36,139.62,134.64,138.0,9723643.0
2019-10-29,MSFT,155.5,155.51,155.08,155.1,27286091.0
2019-10-30,AAPL,138.0,140.25,137.49,139.47,11798445.0
2019-10-30,MSFT,155.1,156.31,155.05,156.16,17795745.0
2019-10-31,AAPL,139.47,145.48,138.52,143.1,10949662.0
2019-10-31,MSFT,156.16,156.61,151.67,152.23,17656070.0
2019-11-01,AAPL,143.1,143.22,142.56,142.75,6385864.0
2019-11-01,MSFT,152.23,154.0,152.22,153.98,26494993.0
2019-11-04,AAPL,142.75,142.8,140.87,140.94,24477593.0
2019-11-04,MSFT,153.98,157.24,153.22,155.9,21431508.0
2019-11-05,AAPL,140.94,141.48,139.96,140.4,21543856.0
2019-11-05,MSFT,155.9,156.23,155.71,156.07,8734748.0
2019-11-06,AAPL,140.4,141.52,139.48,141.11,7149974.0
2019-11-06,MSFT,156.07,157.16,153.68,154.0,9719849.0
2019-11-07,AAPL,141.11,142.12,139.71,141.64,9953328.0
2019-11-07,MSFT,154.0,154.12,151.51,151.7,13518177.0
2019-11-08,AAPL,141.64,141.71,138.73,138.82,9769023.0
2019-11-08,MSFT,151.7,157.21,148.98,154.23,7447059.0
2019-11-11,AAPL,138.82,141.88,137.09,139.12,15073253.0
2019-11-11,MSFT,154.23,154.56,149.79,150.65,22300720.0
2019-11-12,AAPL,139.12,140.34,138.88,139.78,16388272.0
2019-11-12,MSFT,150.65,154.39,150.0,153.25,17383409.0
2019-11-13,AAPL,139.78,147.18,139.08,146.65,12224804.0
2019-11-13,MSFT,153.25,153.52,152.12,152.91,6105785.0
2019-11-14,AAPL,146.65,152.45,146.5,152.01,28254548.0
2019-11-14,MSFT,152.91,153.95,151.55,152.73,15011669.0
2019-11-15,AAPL,152.01,152.38,149.25,149.64,10319192.0
2019-11-15,MSFT,152.73,153.56,147.93,148.73,25749465.0
2019-11-18,AAPL,149.64,151.24,148.29,148.89,19046945.0
2019-11-18,MSFT,148.73,148.94,148.25,148.44,27676302.0
2019-11-19,AAPL,148.89,149.89,142.56,144.89,15949518.0
2019-11-19,MSFT,148.44,150.32,148.33,149.93,29045628.0
2019-11-20,AAPL,144.89,145.8,142.97,143.34,14691946.0
2019-11-20,MSFT,149.93,150.87,145.83,146.86,28064443.0
2019-11-21,AAPL,143.34,144.8,142.63,144.26,25644747.0
2019-11-21,MSFT,146.86,148.53,146.25,148.07,20190930.0
2019-11-22,AAPL,144.26,148.84,142.38,147.64,29459255.0
2019-11-22,MSFT,148.07,148.39,148.05,148.33,28179549.0
2019-11-25,AAPL,147.64,148.85,144.66,145.68,5146892.0
2019-11-25,MSFT,148.33,149.32,145.11,146.89,28912709.0
2019-11-26,AAPL,145.68,146.34,143.23,143.95,16592782.0
2019-11-26,MSFT,146.89,149.06,146.49,148.93,20882175.0
2019-11-27,AAPL,143.95,144.29,138.2,138.29,7978897.0
2019-11-27,MSFT,148.93,149.64,143.44,143.9,15326545.0
2019-11-28,AAPL,138.29,138.84,137.31,137.92,15843374.0
2019-11-28,MSFT,143.9,144.86,143.86,144.74,29152346.0
2019-11-29,AAPL,137.92,138.14,135.13,135.23,20425833.0
2019-11-29,MSFT,144.74,149.82,143.91,148.53,15375793.0
2019-12-02,AAPL,135.23,135.36,133.84,133.94,15291107.0
2019-12-02,MSFT,148.53,153.37,147.03,151.99,9159511.0
2019-12-03,AAPL,133.94,134.36,130.97,131.8,12727394.0
2019-12-03,MSFT,151.99,154.03,151.28,152.98,7656222.0
2019-12-04,AAPL,131.8,132.07,131.45,131.62,12804501.0
2019-12-04,MSFT,152.98,153.38,151.78,152.31,19186221.0
2019-12-05,AAPL,131.62,133.02,126.75,127.37,12496679.0
2019-12-05,MSFT,152.31,153.34,150.56,150.85,5886173.0
2019-12-06,AAPL,127.37,128.09,123.32,123.94,13142370.0
2019-12-06,MSFT,150.85,152.28,149.5,150.18,7965071.0
2019-12-09,AAPL,123.94,129.3,123.71,129.08,14349661.0
2019-12-09,MSFT,150.18,151.94,149.8,151.53,11112607.0
2019-12-10,AAPL,129.08,129.38,125.68,126.03,22195926.0
2019-12-10,MSFT,151.53,151.6,149.56,149.67,18245697.0
2019-12-11,AAPL,126.03,127.38,123.03,123.5,7400104.0
2019-12-11,MSFT,149.67,151.54,149.63,151.52,16953216.0
2019-12-12,AAPL,123.5,128.41,122.64,127.91,6020889.0
2019-12-12,MSFT,151.52,157.21,150.94,156.75,17779943.0
2019-12-13,AAPL,127.91,135.43,127.36,135.19,17918608.0
2019-12-13,MSFT,156.75,158.21,155.61,156.65,17692059.0
2019-12-16,AAPL,135.19,135.37,132.13,132.28,22045418.0
2019-12-16,MSFT,156.65,157.19,152.19,153.42,29854290.0
2019-12-17,AAPL,132.28,133.79,131.06,131.42,11467932.0
2019-12-17,MSFT,153.42,153.8,150.13,150.26,10439384.0
2019-12-18,AAPL,131.42,132.51,131.05,132.33,10030112.0
2019-12-18,MSFT,150.26,152.78,149.85,152.16,16851183.0
2019-12-19,AAPL,132.33,137.5,132.02,136.78,20619007.0
2019-12-19,MSFT,152.16,152.46,151.7,152.07,20320141.0
2019-12-20,AAPL,136.78,137.76,133.94,134.31,14605200.0
2019-12-20,MSFT,152.07,154.85,151.02,154.24,11848639.0
2019-12-23,AAPL,134.31,134.52,132.82,133.74,23401691.0
2019-12-23,MSFT,154.24,154.29,152.97,153.01,9530146.0
2019-12-24,AAPL,133.74,135.84,133.61,135.78,8663474.0
2019-12-24,MSFT,153.01,156.4,150.51,155.07,6166353.0
2019-12-25,AAPL,135.78,137.33,135.6,136.96,8027813.0
2019-12-25,MSFT,155.07,155.14,154.68,154.74,13155278.0
2019-12-26,AAPL,136.96,137.0,135.93,136.04,18818776.0
2019-12-26,MSFT,154.74,154.91,152.81,153.02,11354420.0
2019-12-27,AAPL,136.04,136.75,135.33,135.75,14812207.0
2019-12-27,MSFT,153.02,153.34,150.98,152.11,9892737.0
2019-12-30,AAPL,135.75,136.83,130.92,132.33,23233761.0
2019-12-30,MSFT,152.11,152.21,149.27,149.32,11781664.0
2019-12-31,AAPL,132.33,133.11,131.52,131.79,17653180.0
2019-12-31,MSFT,149.32,154.25,149.06,154.13,22416589.0
2020-01-01,AAPL,131.79,132.18,130.56,131.18,13866389.0
2020-01-01,MSFT,154.13,154.99,153.21,153.95,25688019.0
2020-01-02,AAPL,131.18,132.91,130.0,131.81,8991944.0
2020-01-02,MSFT,153.95,156.01,153.2,155.58,17914312.0
2020-01-03,AAPL,131.81,131.95,130.44,130.49,9085414.0
2020-01-03,MSFT,155.58,156.07,154.08,154.32,6663491.0
2020-01-06,AAPL,130.49,132.05,130.18,131.71,23896188.0
2020-01-06,MSFT,154.32,154.63,151.66,151.84,23402527.0
2020-01-07,AAPL,131.71,135.63,130.69,134.32,10662639.0
2020-01-07,MSFT,151.84,152.34,150.92,151.33,8799929.0
2020-01-08,AAPL,134.32,134.8,134.29,134.77,17561173.0
2020-01-08,MSFT,151.33,154.36,150.93,154.04,6431204.0
2020-01-09,AAPL,134.77,135.93,134.59,135.72,25452822.0
2020-01-09,MSFT,154.04,154.08,152.79,152.83,19211520.0
2020-01-10,AAPL,135.72,136.17,135.4,135.91,27445876.0
2020-01-10,MSFT,152.83,152.85,150.76,150.8,12795865.0
2020-01-13,AAPL,135.91,135.98,135.9,135.97,11691218.0
2020-01-13,MSFT,150.8,151.46,150.42,151.23,29173964.0
2020-01-14,AAPL,135.97,136.47,132.6,134.19,7740470.0
2020-01-14,MSFT,151.23,152.98,150.73,152.47,7280573.0
2020-01-15,AAPL,134.19,135.68,133.25,135.05,24367564.0
2020-01-15,MSFT,152.47,157.78,151.33,156.52,6340487.0
2020-01-16,AAPL,135.05,135.06,134.83,134.86,22181914.0
2020-01-16,MSFT,156.52,157.73,156.23,157.45,19687245.0
2020-01-17,AAPL,134.86,141.71,133.8,140.36,13279985.0
2020-01-17,MSFT,157.45,159.63,157.25,159.12,15459467.0
2020-01-20,AAPL,140.36,145.8,139.11,144.65,19839177.0
2020-01-20,MSFT,159.12,161.58,158.93,160.99,25038532.0
2020-01-21,AAPL,144.65,146.18,144.23,145.77,9718313.0
2020-01-21,MSFT,160.99,162.62,157.68,158.14,6009955.0
2020-01-22,AAPL,145.77,146.31,143.39,143.74,22517054.0
2020-01-22,MSFT,158.14,158.9,155.1,155.82,15484431.0
2020-01-23,AAPL,143.74,143.83,140.74,140.81,23182713.0
2020-01-23,MSFT,155.82,155.87,153.12,153.23,8666333.0
2020-01-24,AAPL,140.81,144.48,140.18,144.08,12484222.0
2020-01-24,MSFT,153.23,153.75,149.77,150.11,6029610.0
2020-01-27,AAPL,144.08,145.3,143.62,144.86,16713625.0
2020-01-27,MSFT,150.11,152.46,149.63,152.05,16563161.0
2020-01-28,AAPL,144.86,146.38,144.8,146.24,13351702.0
2020-01-28,MSFT,152.05,153.34,149.89,152.8,23371206.0
2020-01-29,AAPL,146.24,148.33,140.8,141.55,5781931.0
2020-01-29,MSFT,152.8,154.15,152.32,153.05,8937834.0
2020-01-30,AAPL,141.55,146.99,139.56,144.12,8182752.0
2020-01-30,MSFT,153.05,153.29,146.84,146.98,26057204.0
2020-01-31,AAPL,144.12,145.84,142.98,145.42,28998560.0
2020-01-31,MSFT,146.98,151.88,146.93,151.86,17968885.0
2020-02-03,AAPL,145.42,146.51,142.12,142.46,16400846.0
2020-02-03,MSFT,151.86,152.64,149.61,149.79,17012392.0
2020-02-04,AAPL,142.46,142.65,141.12,141.25,8693836.0
2020-02-04,MSFT,149.79,154.84,149.7,154.77,28068292.0
2020-02-05,AAPL,141.25,143.75,140.19,142.02,6106746.0
2020-02-05,MSFT,154.77,155.18,151.18,151.33,13229119.0
2020-02-06,AAPL,142.02,143.38,140.19,142.22,13835174.0
2020-02-06,MSFT,151.33,151.84,148.5,149.46,10010188.0
2020-02-07,AAPL,142.22,142.33,141.4,141.49,29570504.0
2020-02-07,MSFT,149.46,149.55,144.28,144.41,24656903.0
2020-02-10,AAPL,141.49,141.81,140.34,141.28,14619865.0
2020-02-10,MSFT,144.41,145.52,143.74,145.29,7679662.0
2020-02-11,AAPL,141.28,141.38,140.21,140.66,29986503.0
2020-02-11,MSFT,145.29,145.38,142.68,142.84,26802393.0
2020-02-12,AAPL,140.66,141.37,140.41,141.13,17235747.0
2020-02-12,MSFT,142.84,143.53,139.23,140.5,25631914.0
2020-02-13,AAPL,141.13,145.58,140.75,145.17,24098919.0
2020-02-13,MSFT,140.5,140.54,137.49,137.54,29424723.0
2020-02-14,AAPL,145.17,145.43,138.12,138.35,24636100.0
2020-02-14,MSFT,137.54,139.75,136.74,139.28,16506746.0
2020-02-17,AAPL,138.35,140.36,136.54,137.79,5704075.0
2020-02-17,MSFT,139.28,140.95,139.19,140.9,20554883.0
2020-02-18,AAPL,137.79,138.7,137.04,138.31,5152256.0
2020-02-18,MSFT,140.9,145.82,140.35,145.03,27065277.0
2020-02-19,AAPL,138.31,139.19,138.25,139.15,28061848.0
2020-02-19,MSFT,145.03,145.39,143.26,143.53,8290244.0
2020-02-20,AAPL,139.15,139.75,136.99,138.23,28311801.0
2020-02-20,MSFT,143.53,144.8,142.97,144.07,12653082.0
2020-02-21,AAPL,138.23,139.24,132.48,133.77,8315670.0
2020-02-21,MSFT,144.07,144.09,141.22,141.23,16796307.0
2020-02-24,AAPL,133.77,135.48,131.96,134.66,21149736.0
2020-02-24,MSFT,141.23,141.47,140.22,140.53,20688300.0
2020-02-25,AAPL,134.66,139.36,134.42,139.18,28093368.0
2020-02-25,MSFT,140.53,141.06,139.23,139.44,21979215.0
2020-02-26,AAPL,139.18,140.33,133.8,135.26,28766221.0
2020-02-26,MSFT,139.44,141.23,138.99,140.51,28082838.0
2020-02-27,AAPL,135.26,137.78,134.68,137.55,12409381.0
2020-02-27,MSFT,140.51,142.84,140.51,142.83,17233279.0
2020-02-28,AAPL,137.55,137.69,136.66,136.75,25434738.0
2020-02-28,MSFT,142.83,145.21,142.69,145.13,9292394.0
2020-03-02,AAPL,136.75,136.96,136.59,136.65,21158316.0
2020-03-02,MSFT,145.13,145.99,141.93,143.27,9747594.0
2020-03-03,AAPL,136.65,136.8,133.76,134.02,28195955.0
2020-03-03,MSFT,143.27,146.61,142.16,145.59,25018213.0
2020-03-04,AAPL,134.02,134.36,132.91,133.23,8667993.0
2020-03-04,MSFT,145.59,146.31,144.75,145.54,16525872.0
2020-03-05,AAPL,133.23,136.79,133.09,136.6,20025013.0
2020-03-05,MSFT,145.54,147.21,144.21,144.85,20787918.0
2020-03-06,AAPL,136.6,138.21,136.56,138.17,5612247.0
2020-03-06,MSFT,144.85,145.01,143.21,143.29,19071453.0
2020-03-09,AAPL,138.17,142.9,138.15,142.82,13932724.0
2020-03-09,MSFT,143.29,144.16,140.48,142.08,25323668.0
2020-03-10,AAPL,142.82,146.82,142.37,146.1,5285203.0
2020-03-10,MSFT,142.08,146.51,141.52,146.09,10461166.0
2020-03-11,AAPL,146.1,147.95,145.59,147.38,16072851.0
2020-03-11,MSFT,146.09,148.05,143.61,146.85,9267333.0
2020-03-12,AAPL,147.38,156.16,146.1,152.38,25277160.0
2020-03-12,MSFT,146.85,147.55,146.64,147.3,23338556.0
2020-03-13,AAPL,152.38,155.5,150.01,153.71,21450807.0
2020-03-13,MSFT,147.3,148.05,146.03,146.75,15852161.0
2020-03-16,AAPL,153.71,156.4,153.56,156.2,12921825.0
2020-03-16,MSFT,146.75,153.14,145.88,152.56,25394791.0
2020-03-17,AAPL,156.2,156.51,154.36,155.39,15673296.0
2020-03-17,MSFT,152.56,156.25,152.11,155.79,8220930.0
2020-03-18,AAPL,155.39,156.24,155.08,155.65,14186110.0
2020-03-18,MSFT,155.79,156.02,153.2,154.08,11797047.0
2020-03-19,AAPL,155.65,155.67,153.61,153.68,23291819.0
2020-03-19,MSFT,154.08,155.09,152.92,153.47,29002052.0
2020-03-20,AAPL,153.68,157.09,152.91,156.65,11655231.0
2020-03-20,MSFT,153.47,154.35,152.61,153.01,26091752.0
2020-03-23,AAPL,156.65,157.07,152.81,153.26,7296200.0
2020-03-23,MSFT,153.01,153.57,152.88,153.42,6567293.0
2020-03-24,AAPL,153.26,155.79,153.19,155.61,17668227.0
2020-03-24,MSFT,153.42,154.13,151.23,151.78,25421250.0
2020-03-25,AAPL,155.61,156.15,154.68,155.11,25749666.0
2020-03-25,MSFT,151.78,153.23,151.5,152.89,6637084.0
2020-03-26,AAPL,155.11,161.07,152.75,158.65,16928429.0
2020-03-26,MSFT,152.89,157.27,152.16,156.48,8007564.0
2020-03-27,AAPL,158.65,163.0,156.6,160.99,10104715.0
2020-03-27,MSFT,156.48,156.61,153.22,153.33,27453904.0
2020-03-30,AAPL,160.99,167.2,160.68,166.69,6151538.0
2020-03-30,MSFT,153.33,153.45,150.54,150.69,8150541.0
2020-03-31,AAPL,166.69,169.85,165.73,169.08,28598690.0
2020-03-31,MSFT,150.69,150.96,149.34,149.6,12519053.0
2020-04-01,AAPL,169.08,170.29,162.93,164.2,24018124.0
2020-04-01,MSFT,149.6,149.67,148.42,148.62,8383898.0
2020-04-02,AAPL,164.2,165.04,163.25,164.06,8888644.0
2020-04-02,MSFT,148.62,153.67,148.54,153.43,19925500.0
2020-04-03,AAPL,164.06,164.19,160.37,160.53,6848240.0
2020-04-03,MSFT,153.43,157.43,152.56,155.92,6429631.0
2020-04-06,AAPL,160.53,160.55,159.02,159.03,8229104.0
2020-04-06,MSFT,155.92,158.91,155.6,158.32,12186888.0
2020-04-07,AAPL,159.03,163.87,158.7,163.71,14413297.0
2020-04-07,MSFT,158.32,158.47,157.53,157.71,13158293.0
2020-04-08,AAPL,163.71,167.43,162.01,165.76,25296902.0
2020-04-08,MSFT,157.71,157.76,157.02,157.06,21218959.0
2020-04-09,AAPL,165.76,166.52,162.34,163.66,8996837.0
2020-04-09,MSFT,157.06,157.76,153.07,153.56,17412866.0
2020-04-10,AAPL,163.66,164.93,160.31,160.62,25467545.0
2020-04-10,MSFT,153.56,156.35,153.15,155.52,9811734.0
2020-04-13,AAPL,160.62,160.79,160.61,160.78,5047237.0
2020-04-13,MSFT,155.52,157.3,154.77,156.78,16607614.0
2020-04-14,AAPL,160.78,160.9,157.0,157.19,23468985.0
2020-04-14,MSFT,156.78,160.58,155.27,160.05,16471736.0
2020-04-15,AAPL,157.19,158.91,154.25,155.28,12060378.0
2020-04-15,MSFT,160.05,160.29,159.35,159.57,13842765.0
2020-04-16,AAPL,155.28,156.46,154.57,156.26,29013261.0
2020-04-16,MSFT,159.57,160.57,158.64,159.27,18337304.0
2020-04-17,AAPL,156.26,162.76,153.7,159.78,16896137.0
2020-04-17,MSFT,159.27,162.03,158.64,159.76,13153488.0
2020-04-20,AAPL,159.78,162.36,159.17,161.69,11763490.0
2020-04-20,MSFT,159.76,163.11,158.46,162.07,13341072.0
2020-04-21,AAPL,161.69,162.32,153.07,154.91,11073132.0
2020-04-21,MSFT,162.07,162.11,158.3,158.42,24583958.0
2020-04-22,AAPL,154.91,155.89,154.87,155.86,25666218.0
2020-04-22,MSFT,158.42,161.05,157.49,160.32,11292515.0
2020-04-23,AAPL,155.86,156.28,155.71,156.14,15074954.0
2020-04-23,MSFT,160.32,161.15,158.95,160.33,13225418.0
2020-04-24,AAPL,156.14,158.19,155.79,157.43,13801013.0
2020-04-24,MSFT,160.33,160.68,157.25,157.73,8505166.0
2020-04-27,AAPL,157.43,162.63,157.24,162.38,23391704.0
2020-04-27,MSFT,157.73,157.95,152.31,152.69,22453535.0
2020-04-28,AAPL,162.38,163.21,155.27,156.24,18434965.0
2020-04-28,MSFT,152.69,153.07,152.14,152.42,22653608.0
2020-04-29,AAPL,156.24,156.8,153.95,154.57,21595893.0
2020-04-29,MSFT,152.42,156.62,151.17,155.99,21952599.0
2020-04-30,AAPL,154.57,157.16,152.91,156.37,16140000.0
2020-04-30,MSFT,155.99,160.35,155.91,160.21,9207067.0
2020-05-01,AAPL,156.37,156.96,151.43,151.83,6600042.0
2020-05-01,MSFT,160.21,161.97,159.52,161.17,16289597.0
2020-05-04,AAPL,151.83,156.73,151.34,156.19,5146250.0
2020-05-04,MSFT,161.17,166.42,160.91,166.28,12303159.0
2020-05-05,AAPL,156.19,157.44,155.96,157.34,5977627.0
2020-05-05,MSFT,166.28,167.49,164.81,166.23,24092609.0
2020-05-06,AAPL,157.34,161.04,155.7,159.95,19361554.0
2020-05-06,MSFT,166.23,169.89,164.76,168.8,13422719.0
2020-05-07,AAPL,159.95,160.17,158.15,158.3,17840620.0
2020-05-07,MSFT,168.8,168.81,167.67,167.67,15398873.0
2020-05-08,AAPL,158.3,162.19,157.33,160.82,23687647.0
2020-05-08,MSFT,167.67,169.79,165.16,166.37,16359169.0
2020-05-11,AAPL,160.82,165.09,160.07,164.17,27365948.0
2020-05-11,MSFT,166.37,166.94,164.03,164.67,24019692.0
2020-05-12,AAPL,164.17,165.08,164.12,164.96,9363809.0
2020-05-12,MSFT,164.67,165.14,158.95,159.46,22564217.0
2020-05-13,AAPL,164.96,168.22,161.99,165.76,28932215.0
2020-05-13,MSFT,159.46,164.31,158.31,162.79,25499535.0
2020-05-14,AAPL,165.76,167.46,164.25,166.68,28291396.0
2020-05-14,MSFT,162.79,163.05,161.03,161.21,15698628.0
2020-05-15,AAPL,166.68,166.73,163.9,164.05,20398429.0
2020-05-15,MSFT,161.21,161.42,158.89,159.24,25490156.0
2020-05-18,AAPL,164.05,165.2,162.88,163.66,18259988.0
2020-05-18,MSFT,159.24,159.85,155.68,156.36,26777340.0
2020-05-19,AAPL,163.66,165.29,161.51,163.26,9416498.0
2020-05-19,MSFT,156.36,156.79,155.38,155.92,18097639.0
2020-05-20,AAPL,163.26,165.25,162.98,164.51,9456150.0
2020-05-20,MSFT,155.92,160.73,155.2,160.36,21994641.0
2020-05-21,AAPL,164.51,167.9,164.31,167.72,5466574.0
2020-05-21,MSFT,160.36,165.86,160.32,165.8,27738970.0
2020-05-22,AAPL,167.72,167.72,164.47,164.47,21148689.0
2020-05-22,MSFT,165.8,166.08,161.36,161.57,25962167.0
2020-05-25,AAPL,164.47,164.58,164.04,164.15,15828584.0
2020-05-25,MSFT,161.57,161.75,160.66,160.73,11910970.0
2020-05-26,AAPL,164.15,169.33,163.91,168.88,9798067.0
2020-05-26,MSFT,160.73,161.4,157.79,158.19,22908849.0
2020-05-27,AAPL,168.88,168.93,166.56,166.59,8346191.0
2020-05-27,MSFT,158.19,161.6,157.39,160.73,16149033.0
2020-05-28,AAPL,166.59,169.04,162.58,164.09,6588333.0
2020-05-28,MSFT,160.73,161.55,160.64,161.51,8715794.0
2020-05-29,AAPL,164.09,164.95,163.91,164.79,21023944.0
2020-05-29,MSFT,161.51,161.76,159.82,159.96,14294684.0
2020-06-01,AAPL,164.79,168.0,164.57,167.51,22132881.0
2020-06-01,MSFT,159.96,160.33,159.46,160.2,29448182.0
2020-06-02,AAPL,167.51,167.69,167.4,167.62,20790890.0
2020-06-02,MSFT,160.2,160.43,158.28,159.05,28947364.0
2020-06-03,AAPL,167.62,172.86,165.9,171.95,7767372.0
2020-06-03,MSFT,159.05,163.38,158.89,163.21,24664656.0
2020-06-04,AAPL,171.95,175.99,171.32,174.83,6033953.0
2020-06-04,MSFT,163.21,165.47,162.64,164.68,29759055.0
2020-06-05,AAPL,174.83,178.02,174.35,177.71,7655436.0
2020-06-05,MSFT,164.68,166.66,164.43,166.48,19318044.0
2020-06-08,AAPL,177.71,180.81,176.53,179.65,23789953.0
2020-06-08,MSFT,166.48,166.78,159.52,159.69,23939159.0
2020-06-09,AAPL,179.65,188.22,179.25,187.81,23498589.0
2020-06-09,MSFT,159.69,160.21,159.3,159.58,9130773.0
2020-06-10,AAPL,187.81,189.29,184.77,187.16,12370776.0
2020-06-10,MSFT,159.58,165.54,158.83,164.96,12469112.0
2020-06-11,AAPL,187.16,188.56,179.21,180.28,6380055.0
2020-06-11,MSFT,164.96,169.9,163.47,168.5,9317016.0
2020-06-12,AAPL,180.28,186.84,179.47,185.91,12993350.0
2020-06-12,MSFT,168.5,169.05,163.23,163.73,28439149.0
2020-06-15,AAPL,185.91,187.13,183.64,184.39,25244229.0
2020-06-15,MSFT,163.73,164.77,162.58,162.98,20358279.0
2020-06-16,AAPL,184.39,185.64,184.1,184.84,8585422.0
2020-06-16,MSFT,162.98,163.07,159.88,159.98,28315026.0
2020-06-17,AAPL,184.84,190.62,184.01,189.55,24903718.0
2020-06-17,MSFT,159.98,167.42,157.51,164.41,15404928.0
2020-06-18,AAPL,189.55,189.92,183.75,183.97,16583337.0
2020-06-18,MSFT,164.41,165.27,163.75,165.1,15086163.0
2020-06-19,AAPL,183.97,184.36,179.36,179.75,8534835.0
2020-06-19,MSFT,165.1,165.73,162.58,163.17,21896487.0
2020-06-22,AAPL,179.75,179.81,174.29,174.46,28347321.0
2020-06-22,MSFT,163.17,163.46,163.13,163.32,19197706.0
2020-06-23,AAPL,174.46,175.48,170.57,171.93,17959516.0
2020-06-23,MSFT,163.32,163.37,156.69,156.8,14310693.0
2020-06-24,AAPL,171.93,174.17,171.54,173.44,21788780.0
2020-06-24,MSFT,156.8,157.95,151.3,154.2,12939705.0
2020-06-25,AAPL,173.44,177.04,171.91,175.24,7415637.0
2020-06-25,MSFT,154.2,154.58,153.94,154.34,17821129.0
2020-06-26,AAPL,175.24,177.6,173.42,176.23,14291081.0
2020-06-26,MSFT,154.34,156.69,154.06,156.47,6888596.0
2020-06-29,AAPL,176.23,176.83,171.32,171.66,20814280.0
2020-06-29,MSFT,156.47,156.99,151.26,151.81,9698950.0
2020-06-30,AAPL,171.66,172.28,163.17,164.4,21133837.0
2020-06-30,MSFT,151.81,152.8,150.5,150.95,6094057.0
2020-07-01,AAPL,164.4,164.87,163.93,164.63,6573250.0
2020-07-01,MSFT,150.95,153.57,150.79,153.43,8880028.0
2020-07-02,AAPL,164.63,164.93,162.53,163.24,20106862.0
2020-07-02,MSFT,153.43,153.62,149.88,150.01,9966633.0
2020-07-03,AAPL,163.24,167.24,160.3,164.73,28612021.0
2020-07-03,MSFT,150.01,151.74,149.0,150.61,6891119.0
2020-07-06,AAPL,164.73,168.52,163.92,167.0,24659597.0
2020-07-06,MSFT,150.61,151.04,150.39,150.82,6386378.0
2020-07-07,AAPL,167.0,167.64,166.81,167.51,10193268.0
2020-07-07,MSFT,150.82,155.61,149.76,155.0,25490982.0
2020-07-08,AAPL,167.51,171.64,166.29,170.0,27815066.0
2020-07-08,MSFT,155.0,156.33,153.13,154.49,9566847.0
2020-07-09,AAPL,170.0,171.21,169.75,170.81,22072366.0
2020-07-09,MSFT,154.49,154.79,153.74,154.13,18884656.0
2020-07-10,AAPL,170.81,172.73,170.69,172.6,6423632.0
2020-07-10,MSFT,154.13,156.66,152.71,156.27,7463641.0
2020-07-13,AAPL,172.6,174.58,168.79,170.39,8207285.0
2020-07-13,MSFT,156.27,156.52,153.0,153.1,28678525.0
2020-07-14,AAPL,170.39,170.52,169.77,169.88,28031483.0
2020-07-14,MSFT,153.1,153.18,152.56,152.62,10974211.0
2020-07-15,AAPL,169.88,173.0,168.01,170.59,10239911.0
2020-07-15,MSFT,152.62,153.01,151.22,151.58,23737157.0
2020-07-16,AAPL,170.59,173.74,170.34,173.33,7418994.0
2020-07-16,MSFT,151.58,153.2,149.9,151.3,21029599.0
2020-07-17,AAPL,173.33,173.42,171.83,172.11,16273741.0
2020-07-17,MSFT,151.3,153.65,150.17,153.39,20728745.0
2020-07-20,AAPL,172.11,175.52,171.55,173.89,18140151.0
2020-07-20,MSFT,153.39,156.27,151.35,154.79,17726460.0
2020-07-21,AAPL,173.89,174.12,172.88,173.09,19327403.0
2020-07-21,MSFT,154.79,155.29,152.44,153.03,24303244.0
2020-07-22,AAPL,173.09,173.83,172.44,172.78,21471620.0
2020-07-22,MSFT,153.03,153.48,153.0,153.42,25386348.0
2020-07-23,AAPL,172.78,178.96,169.32,175.58,29971581.0
2020-07-23,MSFT,153.42,157.24,153.24,157.11,14498192.0
2020-07-24,AAPL,175.58,176.53,168.93,169.16,23981041.0
2020-07-24,MSFT,157.11,157.98,154.26,155.13,28551586.0
2020-07-27,AAPL,169.16,169.24,165.03,165.14,5648155.0
2020-07-27,MSFT,155.13,157.51,153.92,155.54,29687315.0
2020-07-28,AAPL,165.14,166.19,159.94,160.64,7214344.0
2020-07-28,MSFT,155.54,156.24,154.29,155.12,23043506.0
2020-07-29,AAPL,160.64,160.77,153.7,153.77,5007860.0
2020-07-29,MSFT,155.12,155.59,154.45,155.02,28223704.0
2020-07-30,AAPL,153.77,154.12,151.4,151.88,14880900.0
2020-07-30,MSFT,155.02,155.73,150.79,151.14,7639723.0
2020-07-31,AAPL,151.88,154.4,151.21,154.11,13759177.0
2020-07-31,MSFT,151.14,155.6,150.36,154.59,18508315.0
2020-08-03,AAPL,154.11,154.37,152.53,153.35,28338532.0
2020-08-03,MSFT,154.59,155.24,152.22,152.77,21275496.0
2020-08-04,AAPL,153.35,155.4,152.48,153.98,14153909.0
2020-08-04,MSFT,152.77,155.68,152.7,155.31,28192919.0
2020-08-05,AAPL,153.98,158.54,153.48,157.25,5766347.0
2020-08-05,MSFT,155.31,155.49,153.78,153.86,8010830.0
2020-08-06,AAPL,157.25,163.04,155.6,161.32,27095930.0
2020-08-06,MSFT,153.86,154.53,151.99,152.4,25151897.0
2020-08-07,AAPL,161.32,161.77,160.5,161.17,11506808.0
2020-08-07,MSFT,152.4,155.52,152.32,155.4,6930560.0
2020-08-10,AAPL,161.17,166.51,160.09,165.42,27814563.0
2020-08-10,MSFT,155.4,158.51,154.5,157.9,13952624.0
2020-08-11,AAPL,165.42,166.77,163.99,165.77,24361194.0
2020-08-11,MSFT,157.9,158.65,157.79,158.48,22322510.0
2020-08-12,AAPL,165.77,165.87,163.15,163.24,27013124.0
2020-08-12,MSFT,158.48,160.92,158.0,160.45,12274499.0
2020-08-13,AAPL,163.24,164.58,160.45,161.48,25492991.0
2020-08-13,MSFT,160.45,160.86,158.56,159.78,25869635.0
2020-08-14,AAPL,161.48,162.19,156.71,157.09,8579468.0
2020-08-14,MSFT,159.78,160.68,159.09,159.81,28262922.0
2020-08-17,AAPL,157.09,157.19,154.48,154.54,20654516.0
2020-08-17,MSFT,159.81,160.03,158.04,158.21,8971037.0
2020-08-18,AAPL,154.54,154.59,153.55,153.56,15302620.0
2020-08-18,MSFT,158.21,161.04,157.69,160.53,11452184.0
2020-08-19,AAPL,153.56,156.11,153.46,155.98,20719429.0
2020-08-19,MSFT,160.53,160.84,158.44,158.85,6853715.0
2020-08-20,AAPL,155.98,161.23,155.96,161.2,23647129.0
2020-08-20,MSFT,158.85,163.28,158.21,162.66,22752431.0
2020-08-21,AAPL,161.2,161.28,156.85,157.11,17523903.0
2020-08-21,MSFT,162.66,163.75,161.06,161.91,27163072.0
2020-08-24,AAPL,157.11,158.92,155.3,158.35,12815276.0
2020-08-24,MSFT,161.91,162.28,161.46,162.02,20040627.0
2020-08-25,AAPL,158.35,158.74,154.73,155.33,27908330.0
2020-08-25,MSFT,162.02,164.53,161.58,164.03,8305233.0
2020-08-26,AAPL,155.33,157.35,155.04,156.79,21580950.0
2020-08-26,MSFT,164.03,164.65,163.27,164.15,9343544.0
2020-08-27,AAPL,156.79,157.47,155.63,156.47,27138564.0
2020-08-27,MSFT,164.15,165.23,162.96,163.44,5877152.0
2020-08-28,AAPL,156.47,156.73,151.06,151.21,10928571.0
2020-08-28,MSFT,163.44,163.53,163.02,163.42,17249851.0
2020-08-31,AAPL,151.21,154.38,150.41,153.95,25956467.0
2020-08-31,MSFT,163.42,166.04,162.98,165.79,23026359.0
2020-09-01,AAPL,153.95,154.11,152.12,152.27,13085481.0
2020-09-01,MSFT,165.79,166.4,162.44,164.13,8750424.0
2020-09-02,AAPL,152.27,152.71,150.52,150.8,16512158.0
2020-09-02,MSFT,164.13,165.11,162.59,163.86,26192888.0
2020-09-03,AAPL,150.8,152.27,145.99,147.84,26510741.0
2020-09-03,MSFT,163.86,164.32,163.51,163.94,11317324.0
2020-09-04,AAPL,147.84,148.36,145.86,146.09,13867949.0
2020-09-04,MSFT,163.94,166.51,163.66,166.25,17861833.0
2020-09-07,AAPL,146.09,148.19,145.18,147.34,11262725.0
2020-09-07,MSFT,166.25,167.28,162.53,166.05,21690899.0
2020-09-08,AAPL,147.34,148.0,146.65,146.87,27888724.0
2020-09-08,MSFT,166.05,171.08,165.87,170.9,18498131.0
2020-09-09,AAPL,146.87,148.23,146.01,147.85,29108102.0
2020-09-09,MSFT,170.9,171.83,169.51,170.54,16947074.0
2020-09-10,AAPL,147.85,149.7,147.59,148.92,12776922.0
2020-09-10,MSFT,170.54,170.8,169.8,169.97,13421512.0
2020-09-11,AAPL,148.92,152.95,148.74,152.75,12656489.0
2020-09-11,MSFT,169.97,170.64,168.54,169.57,15750337.0
2020-09-14,AAPL,152.75,153.04,151.25,151.83,10691818.0
2020-09-14,MSFT,169.57,169.71,165.85,166.15,10961579.0
2020-09-15,AAPL,151.83,152.79,146.93,147.71,5588202.0
2020-09-15,MSFT,166.15,166.49,163.13,163.51,12362992.0
2020-09-16,AAPL,147.71,151.58,147.48,150.78,18822057.0
2020-09-16,MSFT,163.51,164.22,161.77,162.21,23880801.0
2020-09-17,AAPL,150.78,151.28,149.73,149.9,11372522.0
2020-09-17,MSFT,162.21,166.7,160.89,165.2,27064867.0
2020-09-18,AAPL,149.9,153.83,149.33,153.16,26227064.0
2020-09-18,MSFT,165.2,167.0,163.64,165.17,26232110.0
2020-09-21,AAPL,153.16,154.61,152.79,154.34,9280123.0
2020-09-21,MSFT,165.17,165.53,163.67,163.97,13273731.0
2020-09-22,AAPL,154.34,155.52,153.47,154.02,20881831.0
2020-09-22,MSFT,163.97,167.44,163.72,167.23,13031118.0
2020-09-23,AAPL,154.02,155.49,153.38,155.1,17670674.0
2020-09-23,MSFT,167.23,172.44,166.58,171.42,6457520.0
2020-09-24,AAPL,155.1,162.08,154.11,161.0,20298140.0
2020-09-24,MSFT,171.42,175.05,171.19,174.91,11845479.0
2020-09-25,AAPL,161.0,168.69,158.58,167.51,7817901.0
2020-09-25,MSFT,174.91,175.23,172.36,172.63,19639863.0
2020-09-28,AAPL,167.51,168.56,166.69,167.8,16663832.0
2020-09-28,MSFT,172.63,173.45,171.11,171.35,11694792.0
2020-09-29,AAPL,167.8,168.43,167.76,168.38,20651221.0
2020-09-29,MSFT,171.35,176.55,171.28,176.38,23336718.0
2020-09-30,AAPL,168.38,172.99,167.79,171.91,13523534.0
2020-09-30,MSFT,176.38,177.66,175.6,177.11,6264885.0
2020-10-01,AAPL,171.91,172.35,168.77,169.25,26872476.0
2020-10-01,MSFT,177.11,177.98,175.86,176.43,15295615.0
2020-10-02,AAPL,169.25,170.75,169.03,170.39,18238359.0
2020-10-02,MSFT,176.43,178.58,176.29,178.5,12026875.0
2020-10-05,AAPL,170.39,171.47,169.62,170.38,14062972.0
2020-10-05,MSFT,178.5,181.63,178.19,181.42,17357210.0
2020-10-06,AAPL,170.38,171.98,168.81,171.47,5770502.0
2020-10-06,MSFT,181.42,182.47,179.02,179.86,5641272.0
2020-10-07,AAPL,171.47,171.64,168.66,168.86,9212317.0
2020-10-07,MSFT,179.86,181.0,179.71,180.54,15469411.0
2020-10-08,AAPL,168.86,170.66,162.99,163.93,16914791.0
2020-10-08,MSFT,180.54,183.68,180.38,183.26,24710190.0
2020-10-09,AAPL,163.93,164.61,156.87,157.7,15000624.0
2020-10-09,MSFT,183.26,183.54,179.77,180.01,26423920.0
2020-10-12,AAPL,157.7,158.93,153.59,154.47,26787862.0
2020-10-12,MSFT,180.01,180.43,179.33,180.11,11398170.0
2020-10-13,AAPL,154.47,155.6,149.69,153.2,24649170.0
2020-10-13,MSFT,180.11,180.62,176.11,177.03,15719862.0
2020-10-14,AAPL,153.2,153.35,152.16,152.41,8974253.0
2020-10-14,MSFT,177.03,177.39,174.06,174.37,22253879.0
2020-10-15,AAPL,152.41,158.25,152.37,158.16,19787191.0
2020-10-15,MSFT,174.37,174.87,172.63,172.9,16593210.0
2020-10-16,AAPL,158.16,163.17,157.29,161.57,16360176.0
2020-10-16,MSFT,172.9,175.85,171.66,174.26,18579709.0
2020-10-19,AAPL,161.57,163.81,158.13,158.73,7528580.0
2020-10-19,MSFT,174.26,174.53,173.25,173.44,13537848.0
2020-10-20,AAPL,158.73,160.25,157.96,159.84,21647830.0
2020-10-20,MSFT,173.44,173.75,171.47,171.74,25936590.0
2020-10-21,AAPL,159.84,160.21,158.28,158.68,18429678.0
2020-10-21,MSFT,171.74,173.23,170.55,171.94,20787556.0
2020-10-22,AAPL,158.68,159.69,156.03,157.9,7186444.0
2020-10-22,MSFT,171.94,172.1,168.76,168.92,29009468.0
2020-10-23,AAPL,157.9,158.66,157.81,158.52,16702134.0
2020-10-23,MSFT,168.92,171.76,165.95,170.13,24495388.0
2020-10-26,AAPL,158.52,161.02,157.55,160.45,23291689.0
2020-10-26,MSFT,170.13,173.75,169.42,173.25,14182290.0
2020-10-27,AAPL,160.45,162.65,158.38,159.49,13177806.0
2020-10-27,MSFT,173.25,173.62,172.75,173.09,13195458.0
2020-10-28,AAPL,159.49,163.11,158.75,162.8,13922261.0
2020-10-28,MSFT,173.09,173.27,172.16,172.6,7208520.0
2020-10-29,AAPL,162.8,162.92,159.29,159.39,7754014.0
2020-10-29,MSFT,172.6,173.69,172.59,173.68,20561499.0
2020-10-30,AAPL,159.39,162.09,158.59,159.47,10108459.0
2020-10-30,MSFT,173.68,173.73,168.2,168.28,23741144.0
2020-11-02,AAPL,159.47,168.79,158.11,167.57,29527798.0
2020-11-02,MSFT,168.28,169.8,168.23,169.77,13855422.0
2020-11-03,AAPL,167.57,169.19,166.5,168.34,20519978.0
2020-11-03,MSFT,169.77,178.34,169.74,178.33,5532558.0
2020-11-04,AAPL,168.34,174.8,166.91,173.04,9401082.0
2020-11-04,MSFT,178.33,179.94,176.26,178.05,25638424.0
2020-11-05,AAPL,173.04,174.04,171.72,173.41,17068792.0
2020-11-05,MSFT,178.05,178.06,177.76,177.77,10574083.0
2020-11-06,AAPL,173.41,175.93,171.77,175.4,9818572.0
2020-11-06,MSFT,177.77,180.76,176.77,179.93,19556716.0
2020-11-09,AAPL,175.4,175.74,175.05,175.28,16068513.0
2020-11-09,MSFT,179.93,185.72,178.95,184.72,6331266.0
2020-11-10,AAPL,175.28,176.09,174.26,174.79,8639567.0
2020-11-10,MSFT,184.72,188.27,184.18,187.64,6569047.0
2020-11-11,AAPL,174.79,175.6,170.51,172.31,20470044.0
2020-11-11,MSFT,187.64,188.42,180.82,181.45,27453709.0
2020-11-12,AAPL,172.31,173.79,172.3,173.79,19254825.0
2020-11-12,MSFT,181.45,183.74,180.61,183.13,21812335.0
2020-11-13,AAPL,173.79,173.99,170.7,171.08,20835866.0
2020-11-13,MSFT,183.13,191.02,182.49,190.76,5132427.0
2020-11-16,AAPL,171.08,173.45,170.82,173.32,16091739.0
2020-11-16,MSFT,190.76,193.45,189.85,192.71,7516408.0
2020-11-17,AAPL,173.32,177.75,171.67,176.99,12149430.0
2020-11-17,MSFT,192.71,193.54,187.94,189.31,17318554.0
2020-11-18,AAPL,176.99,178.8,176.73,178.29,11238929.0
2020-11-18,MSFT,189.31,191.12,188.73,190.21,22009134.0
2020-11-19,AAPL,178.29,178.54,176.87,177.4,10378629.0
2020-11-19,MSFT,190.21,192.09,184.73,186.48,15599978.0
2020-11-20,AAPL,177.4,179.25,177.32,179.01,15735584.0
2020-11-20,MSFT,186.48,191.6,185.52,190.2,26818754.0
2020-11-23,AAPL,179.01,179.93,177.73,178.04,16286538.0
2020-11-23,MSFT,190.2,190.97,186.81,187.43,21318616.0
2020-11-24,AAPL,178.04,181.53,177.79,181.29,21838046.0
2020-11-24,MSFT,187.43,187.82,187.37,187.71,20356393.0
2020-11-25,AAPL,181.29,181.34,175.15,175.2,6310864.0
2020-11-25,MSFT,187.71,188.07,184.75,185.26,12243602.0
2020-11-26,AAPL,175.2,175.69,173.44,174.16,12042513.0
2020-11-26,MSFT,185.26,185.31,183.69,183.74,22048674.0
2020-11-27,AAPL,174.16,174.52,167.61,167.8,26315617.0
2020-11-27,MSFT,183.74,189.67,182.35,188.16,26842385.0
2020-11-30,AAPL,167.8,167.98,162.61,163.19,27881144.0
2020-11-30,MSFT,188.16,188.54,188.15,188.53,6223797.0
2020-12-01,AAPL,163.19,167.58,163.13,167.52,28272648.0
2020-12-01,MSFT,188.53,189.1,185.98,186.94,23358643.0
2020-12-02,AAPL,167.52,171.26,165.3,170.45,12658655.0
2020-12-02,MSFT,186.94,187.26,183.54,183.66,26993316.0
2020-12-03,AAPL,170.45,170.97,168.05,168.22,8428272.0
2020-12-03,MSFT,183.66,184.77,178.0,178.39,15807360.0
2020-12-04,AAPL,168.22,168.22,163.58,163.58,9954475.0
2020-12-04,MSFT,178.39,178.57,174.76,174.97,24147535.0
2020-12-07,AAPL,163.58,163.62,154.69,154.73,8296861.0
2020-12-07,MSFT,174.97,177.36,174.06,175.34,13950656.0
2020-12-08,AAPL,154.73,155.8,152.34,153.22,28864196.0
2020-12-08,MSFT,175.34,178.72,174.18,178.13,9821988.0
2020-12-09,AAPL,153.22,163.38,152.06,160.45,27084687.0
2020-12-09,MSFT,178.13,178.14,176.63,176.63,25397206.0
2020-12-10,AAPL,160.45,164.09,157.85,161.84,25264015.0
2020-12-10,MSFT,176.63,181.57,176.43,181.12,12778302.0
2020-12-11,AAPL,161.84,161.94,159.8,160.21,23245044.0
2020-12-11,MSFT,181.12,181.69,178.92,179.15,23926507.0
2020-12-14,AAPL,160.21,161.7,160.2,161.69,13578440.0
2020-12-14,MSFT,179.15,179.35,178.36,178.54,12884661.0
2020-12-15,AAPL,161.69,161.81,156.88,157.06,16892197.0
2020-12-15,MSFT,178.54,179.06,175.05,175.59,14975001.0
2020-12-16,AAPL,157.06,157.19,155.67,156.24,26035796.0
2020-12-16,MSFT,175.59,180.11,174.68,178.42,22127549.0
2020-12-17,AAPL,156.24,157.2,155.85,156.6,25359182.0
2020-12-17,MSFT,178.42,184.49,178.4,184.47,13534296.0
2020-12-18,AAPL,156.6,157.91,155.18,156.41,17970356.0
2020-12-18,MSFT,184.47,184.57,179.44,179.49,25195124.0
2020-12-21,AAPL,156.41,159.13,156.1,158.83,25939043.0
2020-12-21,MSFT,179.49,179.88,178.18,178.57,5972199.0
2020-12-22,AAPL,158.83,160.17,158.51,159.94,13668812.0
2020-12-22,MSFT,178.57,183.87,177.58,182.23,5291774.0
2020-12-23,AAPL,159.94,163.13,159.0,162.04,15337540.0
2020-12-23,MSFT,182.23,182.89,177.98,178.19,7042681.0
2020-12-24,AAPL,162.04,162.32,159.51,160.01,25990289.0
2020-12-24,MSFT,178.19,180.9,176.38,179.85,11406692.0
2020-12-25,AAPL,160.01,163.31,158.83,162.82,14410619.0
2020-12-25,MSFT,179.85,184.28,179.32,183.41,6347961.0
2020-12-28,AAPL,162.82,168.77,162.18,167.98,23804126.0
2020-12-28,MSFT,183.41,185.55,182.08,183.7,14517744.0
2020-12-29,AAPL,167.98,169.2,163.78,164.99,16332142.0
2020-12-29,MSFT,183.7,185.85,183.45,185.36,5610387.0
2020-12-30,AAPL,164.99,165.32,161.28,162.32,12446871.0
2020-12-30,MSFT,185.36,190.9,185.09,190.64,23906719.0
2020-12-31,AAPL,162.32,167.12,161.93,166.53,10470860.0
2020-12-31,MSFT,190.64,197.56,189.73,196.65,8821809.0
2021-01-01,AAPL,166.53,167.4,164.98,166.0,20166962.0
2021-01-01,MSFT,196.65,197.48,195.84,196.53,29301589.0
2021-01-04,AAPL,166.0,170.85,165.32,170.54,16991488.0
2021-01-04,MSFT,196.53,196.64,194.78,194.96,26428545.0
2021-01-05,AAPL,170.54,170.77,168.98,169.19,14234755.0
2021-01-05,MSFT,194.96,195.15,191.97,192.22,22358549.0
2021-01-06,AAPL,169.19,174.91,168.46,173.98,23578915.0
2021-01-06,MSFT,192.22,195.54,192.02,195.27,24953982.0
2021-01-07,AAPL,173.98,174.55,173.89,174.48,5026299.0
2021-01-07,MSFT,195.27,196.11,190.0,191.16,24374691.0
2021-01-08,AAPL,174.48,176.35,172.97,175.41,7304836.0
2021-01-08,MSFT,191.16,191.16,190.46,190.47,26139346.0
2021-01-11,AAPL,175.41,181.2,175.26,180.75,29045393.0
2021-01-11,MSFT,190.47,191.2,190.22,190.85,18884552.0
2021-01-12,AAPL,180.75,181.02,179.04,179.59,21588247.0
2021-01-12,MSFT,190.85,192.35,188.29,189.41,20595009.0
2021-01-13,AAPL,179.59,179.64,176.4,176.5,18740726.0
2021-01-13,MSFT,189.41,190.51,189.26,190.31,16725367.0
2021-01-14,AAPL,176.5,176.84,174.87,175.08,5368354.0
2021-01-14,MSFT,190.31,198.44,189.84,198.22,20601577.0
2021-01-15,AAPL,175.08,177.01,174.95,176.66,19960815.0
2021-01-15,MSFT,198.22,198.73,196.8,197.91,14534181.0
2021-01-18,AAPL,176.66,178.91,170.34,171.58,15869909.0
2021-01-18,MSFT,197.91,199.48,194.82,196.63,8098293.0
2021-01-19,AAPL,171.58,175.11,170.8,173.73,19997285.0
2021-01-19,MSFT,196.63,200.44,196.49,199.87,28278152.0
2021-01-20,AAPL,173.73,174.42,171.71,172.04,6025011.0
2021-01-20,MSFT,199.87,200.99,199.2,200.7,22474133.0
2021-01-21,AAPL,172.04,175.91,172.03,175.89,18766036.0
2021-01-21,MSFT,200.7,206.52,200.28,205.37,22623516.0
2021-01-22,AAPL,175.89,176.63,167.54,168.18,19446715.0
2021-01-22,MSFT,205.37,205.99,205.35,205.98,12000660.0
2021-01-25,AAPL,168.18,168.65,164.19,165.76,12251196.0
2021-01-25,MSFT,205.98,208.22,204.03,205.24,24270914.0
2021-01-26,AAPL,165.76,166.26,159.41,160.63,6362813.0
2021-01-26,MSFT,205.24,205.65,199.03,199.63,17981333.0
2021-01-27,AAPL,160.63,161.51,155.46,158.21,29289403.0
2021-01-27,MSFT,199.63,199.98,194.09,194.67,6916203.0
2021-01-28,AAPL,158.21,159.03,158.19,159.02,22734658.0
2021-01-28,MSFT,194.67,194.85,188.89,189.19,28868065.0
2021-01-29,AAPL,159.02,159.82,158.06,158.55,20541710.0
2021-01-29,MSFT,189.19,190.54,189.0,190.39,29794741.0
2021-02-01,AAPL,158.55,158.98,157.6,157.85,24177232.0
2021-02-01,MSFT,190.39,190.99,185.79,186.41,26765384.0
2021-02-02,AAPL,157.85,158.67,156.91,157.45,21773034.0
2021-02-02,MSFT,186.41,191.16,184.77,190.2,16874124.0
2021-02-03,AAPL,157.45,158.76,157.03,158.12,8359845.0
2021-02-03,MSFT,190.2,191.12,189.44,190.36,10829837.0
2021-02-04,AAPL,158.12,158.23,154.92,155.2,16369818.0
2021-02-04,MSFT,190.36,191.03,189.47,189.7,5275622.0
2021-02-05,AAPL,155.2,157.71,155.02,157.35,27216744.0
2021-02-05,MSFT,189.7,190.74,186.33,187.26,23416265.0
2021-02-08,AAPL,157.35,159.89,157.08,159.4,12196535.0
2021-02-08,MSFT,187.26,192.23,184.96,189.17,27273126.0
2021-02-09,AAPL,159.4,160.78,159.02,160.63,29305215.0
2021-02-09,MSFT,189.17,190.32,184.88,186.85,7602268.0
2021-02-10,AAPL,160.63,162.85,159.76,162.4,6608724.0
2021-02-10,MSFT,186.85,186.91,183.89,184.04,22109165.0
2021-02-11,AAPL,162.4,163.5,162.17,163.38,13268076.0
2021-02-11,MSFT,184.04,188.65,183.45,187.59,5668562.0
2021-02-12,AAPL,163.38,170.56,162.06,169.85,13755754.0
2021-02-12,MSFT,187.59,191.05,184.18,188.7,24415177.0
2021-02-15,AAPL,169.85,170.39,169.24,169.64,20435439.0
2021-02-15,MSFT,188.7,189.74,187.16,188.07,5704356.0
2021-02-16,AAPL,169.64,171.44,167.0,168.73,9402435.0
2021-02-16,MSFT,188.07,190.07,188.05,190.05,29383584.0
2021-02-17,AAPL,168.73,169.51,165.65,166.42,10728520.0
2021-02-17,MSFT,190.05,190.21,190.0,190.14,9256162.0
2021-02-18,AAPL,166.42,166.94,162.62,163.27,21552206.0
2021-02-18,MSFT,190.14,191.99,189.8,191.36,15007470.0
2021-02-19,AAPL,163.27,165.07,158.18,159.54,12115786.0
2021-02-19,MSFT,191.36,191.84,188.51,188.98,22373710.0
2021-02-22,AAPL,159.54,160.67,155.71,156.95,26975097.0
2021-02-22,MSFT,188.98,196.19,188.29,195.31,26156274.0
2021-02-23,AAPL,156.95,157.1,156.61,156.81,26754817.0
2021-02-23,MSFT,195.31,195.75,193.36,193.61,14082647.0
2021-02-24,AAPL,156.81,158.03,156.64,157.86,12568871.0
2021-02-24,MSFT,193.61,198.49,193.57,198.48,29510434.0
2021-02-25,AAPL,157.86,158.27,157.68,158.08,18998715.0
2021-02-25,MSFT,198.48,198.6,197.67,197.96,5398560.0
2021-02-26,AAPL,158.08,158.63,155.28,155.88,13322065.0
2021-02-26,MSFT,197.96,201.11,196.88,200.56,16784994.0
2021-03-01,AAPL,155.88,158.78,155.73,158.62,13621805.0
2021-03-01,MSFT,200.56,203.45,199.81,202.97,29700565.0
2021-03-02,AAPL,158.62,161.14,158.36,160.92,21759112.0
2021-03-02,MSFT,202.97,207.49,202.71,206.74,11852783.0
2021-03-03,AAPL,160.92,161.29,159.32,160.5,12328125.0
2021-03-03,MSFT,206.74,207.04,203.27,204.09,18334460.0
2021-03-04,AAPL,160.5,160.78,158.33,158.6,8731785.0
2021-03-04,MSFT,204.09,207.94,203.61,207.65,16113855.0
2021-03-05,AAPL,158.6,160.6,158.14,160.32,11477896.0
2021-03-05,MSFT,207.65,215.52,207.0,213.85,14847005.0
2021-03-08,AAPL,160.32,162.7,159.88,160.95,28235935.0
2021-03-08,MSFT,213.85,214.07,212.85,213.06,24194084.0
2021-03-09,AAPL,160.95,161.63,156.32,156.67,11483079.0
2021-03-09,MSFT,213.06,213.94,211.92,213.25,17971247.0
2021-03-10,AAPL,156.67,157.98,153.86,156.54,14096169.0
2021-03-10,MSFT,213.25,214.17,211.2,211.57,22845895.0
2021-03-11,AAPL,156.54,157.88,155.89,157.38,20720441.0
2021-03-11,MSFT,211.57,214.48,207.52,210.5,17999272.0
2021-03-12,AAPL,157.38,159.81,153.51,154.79,7529986.0
2021-03-12,MSFT,210.5,216.4,210.24,216.32,29934770.0
2021-03-15,AAPL,154.79,156.77,153.91,155.41,11711465.0
2021-03-15,MSFT,216.32,217.44,212.16,213.0,16755914.0
2021-03-16,AAPL,155.41,157.59,148.97,151.26,9367100.0
2021-03-16,MSFT,213.0,213.48,208.73,209.94,24901945.0
2021-03-17,AAPL,151.26,155.66,150.83,155.19,28109069.0
2021-03-17,MSFT,209.94,215.95,209.63,215.41,20323722.0
2021-03-18,AAPL,155.19,159.59,153.53,158.96,28318651.0
2021-03-18,MSFT,215.41,217.66,215.4,217.62,25035011.0
2021-03-19,AAPL,158.96,159.4,157.98,158.27,23893352.0
2021-03-19,MSFT,217.62,226.91,215.35,225.09,27140665.0
2021-03-22,AAPL,158.27,159.5,158.23,159.43,11177982.0
2021-03-22,MSFT,225.09,225.44,223.32,223.57,10662526.0
2021-03-23,AAPL,159.43,161.86,150.24,152.4,20410375.0
2021-03-23,MSFT,223.57,224.98,223.13,224.1,12542842.0
2021-03-24,AAPL,152.4,152.74,149.09,149.16,21556720.0
2021-03-24,MSFT,224.1,224.58,221.46,221.86,12539161.0
2021-03-25,AAPL,149.16,150.03,147.3,148.4,26734464.0
2021-03-25,MSFT,221.86,223.49,220.59,222.43,17174215.0
2021-03-26,AAPL,148.4,148.67,145.37,145.48,8904130.0
2021-03-26,MSFT,222.43,222.79,216.11,216.38,17296752.0
2021-03-29,AAPL,145.48,148.92,143.75,147.52,23406351.0
2021-03-29,MSFT,216.38,219.33,215.54,218.81,5091099.0
2021-03-30,AAPL,147.52,153.59,146.88,153.26,9852542.0
2021-03-30,MSFT,218.81,220.09,218.62,220.0,27385604.0
2021-03-31,AAPL,153.26,154.12,148.82,149.95,19217328.0
2021-03-31,MSFT,220.0,221.99,218.34,219.88,26495357.0
2021-04-01,AAPL,149.95,150.2,147.42,147.66,26980955.0
2021-04-01,MSFT,219.88,220.4,217.64,218.61,20026286.0
2021-04-02,AAPL,147.66,149.72,146.44,148.38,6551828.0
2021-04-02,MSFT,218.61,220.13,213.75,215.63,12647597.0
2021-04-05,AAPL,148.38,153.91,145.29,153.03,8700830.0
2021-04-05,MSFT,215.63,218.32,215.28,218.19,25664539.0
2021-04-06,AAPL,153.03,153.2,149.45,149.6,25328260.0
2021-04-06,MSFT,218.19,218.74,213.86,214.28,11782422.0
2021-04-07,AAPL,149.6,150.91,149.25,150.37,5468764.0
2021-04-07,MSFT,214.28,216.26,214.17,216.09,12645299.0
2021-04-08,AAPL,150.37,156.23,148.43,155.7,22128162.0
2021-04-08,MSFT,216.09,223.94,215.62,223.34,29938429.0
2021-04-09,AAPL,155.7,155.87,150.76,150.98,17530829.0
2021-04-09,MSFT,223.34,228.97,223.03,228.71,28097846.0
2021-04-12,AAPL,150.98,151.45,146.97,147.43,26568170.0
2021-04-12,MSFT,228.71,228.98,222.75,223.43,19609823.0
2021-04-13,AAPL,147.43,147.81,145.12,146.31,26223977.0
2021-04-13,MSFT,223.43,225.36,220.03,221.63,9230787.0
2021-04-14,AAPL,146.31,146.75,144.77,144.94,13149776.0
2021-04-14,MSFT,221.63,223.91,220.76,223.18,8076081.0
2021-04-15,AAPL,144.94,147.95,143.98,147.24,5110688.0
2021-04-15,MSFT,223.18,223.87,222.63,223.01,29106809.0
2021-04-16,AAPL,147.24,148.3,146.69,147.98,8204056.0
2021-04-16,MSFT,223.01,223.38,217.88,218.23,11638124.0
2021-04-19,AAPL,147.98,148.04,143.08,143.16,7684113.0
2021-04-19,MSFT,218.23,220.55,217.36,219.63,22036627.0
2021-04-20,AAPL,143.16,145.31,142.4,144.62,29555770.0
2021-04-20,MSFT,219.63,221.11,218.33,219.68,13830664.0
2021-04-21,AAPL,144.62,146.13,142.59,143.11,19922287.0
2021-04-21,MSFT,219.68,226.95,218.95,226.48,17416328.0
2021-04-22,AAPL,143.11,146.67,143.09,146.66,21918465.0
2021-04-22,MSFT,226.48,226.94,225.28,225.66,29651501.0
2021-04-23,AAPL,146.66,146.85,144.81,144.99,10772620.0
2021-04-23,MSFT,225.66,230.67,225.17,229.93,19824016.0
2021-04-26,AAPL,144.99,145.42,143.09,143.32,26267265.0
2021-04-26,MSFT,229.93,230.31,225.09,225.47,15765541.0
2021-04-27,AAPL,143.32,145.27,142.8,144.85,23066736.0
2021-04-27,MSFT,225.47,227.6,220.5,221.92,15391545.0
2021-04-28,AAPL,144.85,147.85,144.56,147.01,23803456.0
2021-04-28,MSFT,221.92,224.7,221.79,224.54,10753349.0
2021-04-29,AAPL,147.01,148.87,146.59,148.33,16706082.0
2021-04-29,MSFT,224.54,228.53,224.42,228.48,18912294.0
2021-04-30,AAPL,148.33,148.97,143.54,143.74,22456056.0
2021-04-30,MSFT,228.48,228.63,224.65,225.14,19243274.0
2021-05-03,AAPL,143.74,147.61,140.76,145.27,18601286.0
2021-05-03,MSFT,225.14,227.79,222.15,225.31,7375072.0
2021-05-04,AAPL,145.27,146.27,141.18,142.51,14614101.0
2021-05-04,MSFT,225.31,227.3,218.67,220.54,15118991.0
2021-05-05,AAPL,142.51,145.1,138.88,143.21,19862342.0
2021-05-05,MSFT,220.54,221.51,219.21,219.99,21119992.0
2021-05-06,AAPL,143.21,143.44,138.66,139.46,13108499.0
2021-05-06,MSFT,219.99,224.3,219.64,222.98,6374009.0
2021-05-07,AAPL,139.46,141.7,138.46,140.7,28821162.0
2021-05-07,MSFT,222.98,223.31,220.96,221.54,29408056.0
2021-05-10,AAPL,140.7,140.8,138.29,138.63,22923964.0
2021-05-10,MSFT,221.54,223.3,219.11,220.75,26522990.0
2021-05-11,AAPL,138.63,139.42,134.24,135.37,22917825.0
2021-05-11,MSFT,220.75,221.92,215.55,216.93,20922456.0
2021-05-12,AAPL,135.37,137.66,134.05,137.26,16208599.0
2021-05-12,MSFT,216.93,217.49,213.66,214.81,5392188.0
2021-05-13,AAPL,137.26,138.42,136.31,137.95,28764709.0
2021-05-13,MSFT,214.81,221.86,213.9,220.91,17949978.0
2021-05-14,AAPL,137.95,139.71,134.17,136.42,10196540.0
2021-05-14,MSFT,220.91,221.73,220.33,221.25,27462090.0
2021-05-17,AAPL,136.42,141.32,135.83,140.27,19216495.0
2021-05-17,MSFT,221.25,223.17,216.5,217.86,5567452.0
2021-05-18,AAPL,140.27,140.31,139.12,139.16,6735354.0
2021-05-18,MSFT,217.86,219.77,215.41,216.86,24796467.0
2021-05-19,AAPL,139.16,139.73,137.93,139.3,12365527.0
2021-05-19,MSFT,216.86,217.0,211.5,211.54,25984785.0
2021-05-20,AAPL,139.3,140.49,139.03,140.07,19363690.0
2021-05-20,MSFT,211.54,213.43,207.18,208.26,6895580.0
2021-05-21,AAPL,140.07,140.71,138.01,138.5,17238219.0
2021-05-21,MSFT,208.26,213.97,206.57,212.85,10759450.0
2021-05-24,AAPL,138.5,140.68,137.38,139.8,28529026.0
2021-05-24,MSFT,212.85,212.92,212.35,212.45,23090276.0
2021-05-25,AAPL,139.8,140.43,137.93,138.45,20342845.0
2021-05-25,MSFT,212.45,219.74,211.99,218.95,27790051.0
2021-05-26,AAPL,138.45,139.78,136.67,137.44,15286847.0
2021-05-26,MSFT,218.95,221.36,216.02,218.69,24273542.0
2021-05-27,AAPL,137.44,141.4,137.19,141.08,15668244.0
2021-05-27,MSFT,218.69,219.21,218.19,218.65,18141766.0
2021-05-28,AAPL,141.08,142.18,137.81,138.39,20289835.0
2021-05-28,MSFT,218.65,221.77,216.92,220.94,20057676.0
2021-05-31,AAPL,138.39,139.69,131.15,132.28,24778328.0
2021-05-31,MSFT,220.94,221.1,211.56,211.91,18117529.0
2021-06-01,AAPL,132.28,137.46,130.64,136.42,11913271.0
2021-06-01,MSFT,211.91,213.89,209.57,212.67,24263556.0
2021-06-02,AAPL,136.42,144.48,134.28,143.22,19615330.0
2021-06-02,MSFT,212.67,213.48,211.95,212.58,6242175.0
2021-06-03,AAPL,143.22,143.23,142.15,142.18,19368077.0
2021-06-03,MSFT,212.58,219.24,211.97,217.69,10237675.0
2021-06-04,AAPL,142.18,143.62,135.99,137.13,5235893.0
2021-06-04,MSFT,217.69,221.6,217.28,221.1,6487409.0
2021-06-07,AAPL,137.13,137.53,135.98,136.38,27819295.0
2021-06-07,MSFT,221.1,221.2,217.18,217.27,24907849.0
2021-06-08,AAPL,136.38,136.8,134.79,135.7,19245997.0
2021-06-08,MSFT,217.27,222.63,215.81,221.64,23182216.0
2021-06-09,AAPL,135.7,137.33,134.67,135.28,11051936.0
2021-06-09,MSFT,221.64,222.01,219.67,220.8,6327666.0
2021-06-10,AAPL,135.28,135.37,132.48,132.51,20840094.0
2021-06-10,MSFT,220.8,221.84,216.42,217.75,7639129.0
2021-06-11,AAPL,132.51,134.4,130.99,134.03,21945338.0
2021-06-11,MSFT,217.75,219.35,216.67,218.51,11621295.0
2021-06-14,AAPL,134.03,136.12,131.54,135.42,27881531.0
2021-06-14,MSFT,218.51,219.76,216.73,217.89,11046102.0
2021-06-15,AAPL,135.42,135.52,131.5,131.7,5851858.0
2021-06-15,MSFT,217.89,223.75,217.17,223.31,17984046.0
2021-06-16,AAPL,131.7,135.06,130.02,133.51,15343041.0
2021-06-16,MSFT,223.31,224.61,223.29,224.59,17470914.0
2021-06-17,AAPL,133.51,139.1,132.95,138.85,9503888.0
2021-06-17,MSFT,224.59,226.1,223.65,225.4,13942147.0
2021-06-18,AAPL,138.85,140.49,138.3,139.36,19361691.0
2021-06-18,MSFT,225.4,229.63,225.16,228.7,9104091.0
2021-06-21,AAPL,139.36,140.44,138.04,138.53,17540198.0
2021-06-21,MSFT,228.7,233.16,227.85,232.75,21234294.0
2021-06-22,AAPL,138.53,140.2,137.41,138.22,16874936.0
2021-06-22,MSFT,232.75,237.53,229.2,235.72,24745989.0
2021-06-23,AAPL,138.22,139.95,138.17,139.89,29550656.0
2021-06-23,MSFT,235.72,241.78,235.29,241.14,21007409.0
2021-06-24,AAPL,139.89,140.03,135.27,135.45,18291410.0
2021-06-24,MSFT,241.14,247.44,239.91,243.55,25184450.0
2021-06-25,AAPL,135.45,136.5,134.06,135.93,15275323.0
2021-06-25,MSFT,243.55,244.65,243.18,244.28,27848753.0
2021-06-28,AAPL,135.93,136.59,134.67,134.98,6682601.0
2021-06-28,MSFT,244.28,249.79,242.81,249.18,26053580.0
2021-06-29,AAPL,134.98,139.92,134.71,139.84,12240208.0
2021-06-29,MSFT,249.18,249.95,248.34,248.91,21288410.0
2021-06-30,AAPL,139.84,140.2,138.48,139.44,27432091.0
2021-06-30,MSFT,248.91,251.47,247.34,249.13,6239203.0
2021-07-01,AAPL,139.44,144.52,138.3,143.96,16291762.0
2021-07-01,MSFT,249.13,257.28,247.13,256.06,13363796.0
2021-07-02,AAPL,143.96,144.3,140.59,141.05,27760308.0
2021-07-02,MSFT,256.06,263.56,255.56,262.78,15696829.0
2021-07-05,AAPL,141.05,142.89,140.78,142.68,18315687.0
2021-07-05,MSFT,262.78,263.22,262.51,262.84,22812601.0
2021-07-06,AAPL,142.68,144.22,141.98,143.61,18701490.0
2021-07-06,MSFT,262.84,264.05,258.79,261.06,26172941.0
2021-07-07,AAPL,143.61,143.79,141.22,141.33,15746874.0
2021-07-07,MSFT,261.06,267.26,261.05,267.24,21008282.0
2021-07-08,AAPL,141.33,142.45,141.02,141.86,18913887.0
2021-07-08,MSFT,267.24,271.31,266.67,270.73,14080484.0
2021-07-09,AAPL,141.86,145.53,141.71,145.21,6667133.0
2021-07-09,MSFT,270.73,272.37,270.45,272.17,24693226.0
2021-07-12,AAPL,145.21,145.38,144.25,144.38,6438900.0
2021-07-12,MSFT,272.17,273.04,269.83,270.89,22395509.0
2021-07-13,AAPL,144.38,145.24,139.36,139.9,16894359.0
2021-07-13,MSFT,270.89,272.68,270.58,272.41,24951009.0
2021-07-14,AAPL,139.9,140.3,139.6,139.91,19948762.0
2021-07-14,MSFT,272.41,273.43,271.69,272.41,19731147.0
2021-07-15,AAPL,139.91,140.03,137.47,137.6,18771676.0
2021-07-15,MSFT,272.41,276.21,267.45,269.67,21168288.0
2021-07-16,AAPL,137.6,137.71,136.69,136.77,15728794.0
2021-07-16,MSFT,269.67,270.57,269.52,270.31,13680215.0
2021-07-19,AAPL,136.77,137.0,136.48,136.62,12350632.0
2021-07-19,MSFT,270.31,272.05,268.57,271.54,14995992.0
2021-07-20,AAPL,136.62,136.84,131.87,132.34,22726090.0
2021-07-20,MSFT,271.54,272.53,269.12,270.03,11910120.0
2021-07-21,AAPL,132.34,132.45,128.2,128.41,20117786.0
2021-07-21,MSFT,270.03,274.97,269.19,274.0,11421705.0
2021-07-22,AAPL,128.41,129.83,128.28,129.64,6178122.0
2021-07-22,MSFT,274.0,281.89,272.33,279.72,21318577.0
2021-07-23,AAPL,129.64,129.7,128.37,128.42,16309569.0
2021-07-23,MSFT,279.72,284.18,279.68,284.12,14591653.0
2021-07-26,AAPL,128.42,129.64,121.69,122.4,22772192.0
2021-07-26,MSFT,284.12,284.42,282.66,282.99,8340603.0
2021-07-27,AAPL,122.4,125.7,122.08,124.28,24604344.0
2021-07-27,MSFT,282.99,289.36,280.31,286.48,5876482.0
2021-07-28,AAPL,124.28,125.36,123.75,124.97,12172345.0
2021-07-28,MSFT,286.48,287.06,286.18,286.93,26503062.0
2021-07-29,AAPL,124.97,126.33,122.84,123.35,28124295.0
2021-07-29,MSFT,286.93,286.99,281.42,281.5,15883112.0
2021-07-30,AAPL,123.35,123.46,120.26,120.37,21292633.0
2021-07-30,MSFT,281.5,287.19,279.92,284.6,19411086.0
2021-08-02,AAPL,120.37,123.89,118.55,122.33,15941797.0
2021-08-02,MSFT,284.6,286.52,283.94,285.36,27621198.0
2021-08-03,AAPL,122.33,123.38,121.8,123.19,20678149.0
2021-08-03,MSFT,285.36,297.92,284.93,297.36,7787587.0
2021-08-04,AAPL,123.19,128.98,123.12,128.92,26788133.0
2021-08-04,MSFT,297.36,305.84,295.61,304.37,28434714.0
2021-08-05,AAPL,128.92,130.42,128.61,130.0,10671037.0
2021-08-05,MSFT,304.37,307.98,304.15,307.9,22588191.0
2021-08-06,AAPL,130.0,131.04,129.98,131.01,8759197.0
2021-08-06,MSFT,307.9,310.82,307.06,309.22,21003960.0
2021-08-09,AAPL,131.01,131.27,130.38,130.66,16011308.0
2021-08-09,MSFT,309.22,311.89,305.12,310.13,15777813.0
2021-08-10,AAPL,130.66,133.41,129.83,132.74,7098119.0
2021-08-10,MSFT,310.13,312.46,304.73,305.38,22655797.0
2021-08-11,AAPL,132.74,134.68,132.63,134.38,25890831.0
2021-08-11,MSFT,305.38,305.47,297.1,297.23,10102035.0
2021-08-12,AAPL,134.38,137.78,134.3,137.65,29261049.0
2021-08-12,MSFT,297.23,297.65,292.72,293.28,12553612.0
2021-08-13,AAPL,137.65,137.87,135.83,136.36,20139791.0
2021-08-13,MSFT,293.28,293.44,292.82,293.16,29026732.0
2021-08-16,AAPL,136.36,136.66,134.37,135.3,29496241.0
2021-08-16,MSFT,293.16,293.38,283.34,283.7,11894929.0
2021-08-17,AAPL,135.3,135.7,132.57,134.13,6718457.0
2021-08-17,MSFT,283.7,284.06,281.14,281.38,22991194.0
2021-08-18,AAPL,134.13,136.44,133.99,136.21,20813603.0
2021-08-18,MSFT,281.38,281.77,280.18,280.38,28257156.0
2021-08-19,AAPL,136.21,140.61,135.73,140.18,16072720.0
2021-08-19,MSFT,280.38,281.03,278.11,279.53,19824840.0
2021-08-20,AAPL,140.18,140.33,138.93,139.03,11934147.0
2021-08-20,MSFT,279.53,281.06,275.53,276.73,12441725.0
2021-08-23,AAPL,139.03,139.84,137.03,137.97,12794286.0
2021-08-23,MSFT,276.73,276.97,274.9,275.34,26221679.0
2021-08-24,AAPL,137.97,138.92,137.87,138.85,18629486.0
2021-08-24,MSFT,275.34,283.39,274.3,283.02,25655938.0
2021-08-25,AAPL,138.85,139.23,137.98,138.27,21041141.0
2021-08-25,MSFT,283.02,286.8,282.41,286.08,18596744.0
2021-08-26,AAPL,138.27,141.13,138.16,140.84,9100236.0
2021-08-26,MSFT,286.08,286.66,282.96,283.67,7872918.0
2021-08-27,AAPL,140.84,140.89,134.95,135.03,20364098.0
2021-08-27,MSFT,283.67,283.95,282.62,283.47,16036765.0
2021-08-30,AAPL,135.03,135.34,132.64,132.99,28163547.0
2021-08-30,MSFT,283.47,286.34,281.55,283.44,15790935.0
2021-08-31,AAPL,132.99,134.82,128.76,131.09,5259952.0
2021-08-31,MSFT,283.44,283.61,280.03,280.13,9736171.0
2021-09-01,AAPL,131.09,131.45,125.27,125.52,26958969.0
2021-09-01,MSFT,280.13,280.48,276.41,276.86,15052867.0
2021-09-02,AAPL,125.52,125.87,122.61,123.3,20192387.0
2021-09-02,MSFT,276.86,283.1,274.4,281.4,8834760.0
2021-09-03,AAPL,123.3,123.54,121.03,121.24,13555487.0
2021-09-03,MSFT,281.4,281.95,277.11,279.64,22314138.0
2021-09-06,AAPL,121.24,121.46,120.74,120.83,23371241.0
2021-09-06,MSFT,279.64,280.36,273.94,274.96,15799232.0
2021-09-07,AAPL,120.83,124.63,120.1,123.45,20444676.0
2021-09-07,MSFT,274.96,276.66,274.16,274.87,23263703.0
2021-09-08,AAPL,123.45,123.85,122.63,122.93,24218250.0
2021-09-08,MSFT,274.87,278.42,273.76,275.48,16399364.0
2021-09-09,AAPL,122.93,122.99,120.56,120.61,7032216.0
2021-09-09,MSFT,275.48,276.34,265.49,267.14,22845064.0
2021-09-10,AAPL,120.61,121.77,119.61,120.53,6474394.0
2021-09-10,MSFT,267.14,267.99,266.7,267.07,23332812.0
2021-09-13,AAPL,120.53,123.31,120.1,123.0,21050360.0
2021-09-13,MSFT,267.07,271.63,265.69,270.84,9005397.0
2021-09-14,AAPL,123.0,123.63,120.59,120.8,12591460.0
2021-09-14,MSFT,270.84,273.07,270.68,272.86,16052125.0
2021-09-15,AAPL,120.8,121.27,118.35,118.79,10956773.0
2021-09-15,MSFT,272.86,283.95,271.51,282.72,23749366.0
2021-09-16,AAPL,118.79,121.32,118.26,120.1,15531839.0
2021-09-16,MSFT,282.72,290.48,280.42,288.44,19828980.0
2021-09-17,AAPL,120.1,120.5,118.98,119.65,23130364.0
2021-09-17,MSFT,288.44,295.88,286.51,295.2,10541637.0
2021-09-20,AAPL,119.65,121.17,119.63,121.17,9494292.0
2021-09-20,MSFT,295.2,311.54,292.69,308.62,25812963.0
2021-09-21,AAPL,121.17,122.89,120.74,121.19,29329873.0
2021-09-21,MSFT,308.62,313.32,308.05,312.44,9997375.0
2021-09-22,AAPL,121.19,122.96,121.04,122.86,15518346.0
2021-09-22,MSFT,312.44,313.49,312.28,313.35,29833367.0
2021-09-23,AAPL,122.86,122.89,120.5,120.53,8764493.0
2021-09-23,MSFT,313.35,319.08,312.48,318.31,22671298.0
2021-09-24,AAPL,120.53,120.87,119.78,120.55,6778238.0
2021-09-24,MSFT,318.31,318.63,314.85,315.63,13063132.0
2021-09-27,AAPL,120.55,121.14,119.81,120.12,26431582.0
2021-09-27,MSFT,315.63,318.12,314.24,316.27,9864056.0
2021-09-28,AAPL,120.12,120.62,117.21,117.44,7830432.0
2021-09-28,MSFT,316.27,317.3,311.38,313.18,27548861.0
2021-09-29,AAPL,117.44,117.45,114.06,114.07,15474073.0
2021-09-29,MSFT,313.18,315.8,312.48,315.26,18087360.0
2021-09-30,AAPL,114.07,115.92,113.31,115.61,21717369.0
2021-09-30,MSFT,315.26,316.4,311.76,312.15,25151271.0
2021-10-01,AAPL,115.61,115.71,114.78,114.89,17827405.0
2021-10-01,MSFT,312.15,316.0,302.98,308.9,25792015.0
2021-10-04,AAPL,114.89,114.94,112.7,112.74,11564311.0
2021-10-04,MSFT,308.9,312.01,307.81,311.02,6700167.0
2021-10-05,AAPL,112.74,114.09,112.02,112.58,7698203.0
2021-10-05,MSFT,311.02,312.58,309.62,310.46,22094715.0
2021-10-06,AAPL,112.58,115.94,111.33,115.05,22785146.0
2021-10-06,MSFT,310.46,310.73,300.8,301.28,13353973.0
2021-10-07,AAPL,115.05,115.3,109.73,110.25,17257223.0
2021-10-07,MSFT,301.28,302.06,291.35,294.56,27692961.0
2021-10-08,AAPL,110.25,111.06,105.85,107.22,6202713.0
2021-10-08,MSFT,294.56,294.58,289.36,289.39,10476073.0
2021-10-11,AAPL,107.22,107.37,105.26,105.41,9529955.0
2021-10-11,MSFT,289.39,290.95,283.9,285.49,5838289.0
2021-10-12,AAPL,105.41,108.88,105.15,108.4,19067576.0
2021-10-12,MSFT,285.49,287.54,285.4,287.46,21609606.0
2021-10-13,AAPL,108.4,109.33,107.62,109.03,9209626.0
2021-10-13,MSFT,287.46,290.37,283.94,288.56,18800508.0
2021-10-14,AAPL,109.03,111.08,108.71,110.67,14786216.0
2021-10-14,MSFT,288.56,295.23,286.31,293.54,18882478.0
2021-10-15,AAPL,110.67,111.3,107.8,108.35,8113055.0
2021-10-15,MSFT,293.54,297.16,293.53,297.15,11582735.0
2021-10-18,AAPL,108.35,108.46,105.74,106.13,24924284.0
2021-10-18,MSFT,297.15,303.69,296.43,302.31,17371276.0
2021-10-19,AAPL,106.13,107.11,106.07,107.08,20760237.0
2021-10-19,MSFT,302.31,305.57,301.96,305.33,29105347.0
2021-10-20,AAPL,107.08,107.8,106.72,107.24,24598789.0
2021-10-20,MSFT,305.33,308.22,302.92,306.45,24089094.0
2021-10-21,AAPL,107.24,108.74,107.0,108.4,6311270.0
2021-10-21,MSFT,306.45,312.61,305.57,311.91,29622031.0
2021-10-22,AAPL,108.4,108.66,107.75,108.06,14388991.0
2021-10-22,MSFT,311.91,318.89,306.84,316.57,13332717.0
2021-10-25,AAPL,108.06,109.56,107.62,108.68,11690406.0
2021-10-25,MSFT,316.57,319.86,312.79,318.56,26755060.0
2021-10-26,AAPL,108.68,109.24,108.6,109.05,20567850.0
2021-10-26,MSFT,318.56,325.26,318.23,325.12,14568807.0
2021-10-27,AAPL,109.05,111.6,108.52,110.71,25537389.0
2021-10-27,MSFT,325.12,326.3,312.62,313.44,28391553.0
2021-10-28,AAPL,110.71,113.09,110.47,112.46,10688721.0
2021-10-28,MSFT,313.44,314.49,309.62,312.12,26640848.0
2021-10-29,AAPL,112.46,114.14,108.17,109.11,24243362.0
2021-10-29,MSFT,312.12,314.16,309.53,310.73,9116037.0
2021-11-01,AAPL,109.11,109.57,103.99,104.62,19510170.0
2021-11-01,MSFT,310.73,318.69,309.47,316.53,29305212.0
2021-11-02,AAPL,104.62,107.22,104.07,106.66,25601462.0
2021-11-02,MSFT,316.53,326.24,314.02,324.57,20184181.0
2021-11-03,AAPL,106.66,109.75,105.96,109.13,7031617.0
2021-11-03,MSFT,324.57,325.17,316.98,317.36,24408933.0
2021-11-04,AAPL,109.13,109.32,106.47,107.09,29773062.0
2021-11-04,MSFT,317.36,325.04,316.86,324.6,19475701.0
2021-11-05,AAPL,107.09,107.44,103.12,103.43,15865107.0
2021-11-05,MSFT,324.6,324.61,318.77,318.78,10426774.0
2021-11-08,AAPL,103.43,103.7,103.4,103.67,12002048.0
2021-11-08,MSFT,318.78,323.62,310.46,313.21,29618661.0
2021-11-09,AAPL,103.67,106.24,103.14,105.55,9568192.0
2021-11-09,MSFT,313.21,313.5,311.98,312.17,7816290.0
2021-11-10,AAPL,105.55,109.44,105.02,109.25,29622777.0
2021-11-10,MSFT,312.17,313.05,309.32,310.72,25224180.0
2021-11-11,AAPL,109.25,110.93,108.47,110.36,27084529.0
2021-11-11,MSFT,310.72,312.43,301.52,303.29,10230128.0
2021-11-12,AAPL,110.36,110.83,109.25,109.64,8279794.0
2021-11-12,MSFT,303.29,308.32,301.94,306.52,24641462.0
2021-11-15,AAPL,109.64,111.66,106.22,107.85,16122520.0
2021-11-15,MSFT,306.52,310.56,305.7,309.93,15569034.0
2021-11-16,AAPL,107.85,108.23,107.61,107.92,23338424.0
2021-11-16,MSFT,309.93,316.19,309.63,315.23,10912775.0
2021-11-17,AAPL,107.92,108.06,107.11,107.35,19769343.0
2021-11-17,MSFT,315.23,317.88,310.38,313.19,10917425.0
2021-11-18,AAPL,107.35,107.78,105.02,105.36,9725866.0
2021-11-18,MSFT,313.19,314.19,311.66,313.11,12989606.0
2021-11-19,AAPL,105.36,111.23,104.88,109.56,14009546.0
2021-11-19,MSFT,313.11,313.5,311.79,313.07,27526028.0
2021-11-22,AAPL,109.56,113.67,109.26,113.37,14203432.0
2021-11-22,MSFT,313.07,322.95,311.87,321.61,24234410.0
2021-11-23,AAPL,113.37,116.75,112.36,115.88,12218525.0
2021-11-23,MSFT,321.61,324.48,304.1,307.68,21768072.0
2021-11-24,AAPL,115.88,116.69,113.29,113.92,29017539.0
2021-11-24,MSFT,307.68,310.53,301.43,303.19,20745608.0
2021-11-25,AAPL,113.92,116.44,112.63,115.83,10072994.0
2021-11-25,MSFT,303.19,303.89,302.98,303.32,15418231.0
2021-11-26,AAPL,115.83,117.47,115.67,117.29,27796789.0
2021-11-26,MSFT,303.32,304.73,297.68,298.28,27537305.0
2021-11-29,AAPL,117.29,118.43,117.09,118.32,24870336.0
2021-11-29,MSFT,298.28,298.45,297.06,297.18,11845293.0
2021-11-30,AAPL,118.32,121.52,117.99,121.2,24986644.0
2021-11-30,MSFT,297.18,297.2,296.68,296.69,28573250.0
2021-12-01,AAPL,121.2,122.9,121.1,122.71,8970265.0
2021-12-01,MSFT,296.69,297.16,293.29,293.74,14516525.0
2021-12-02,AAPL,122.71,125.47,122.27,124.49,8331528.0
2021-12-02,MSFT,293.74,296.07,292.71,294.14,13535887.0
2021-12-03,AAPL,124.49,126.08,124.46,126.05,24572993.0
2021-12-03,MSFT,294.14,299.27,292.06,297.17,16901264.0
2021-12-06,AAPL,126.05,127.33,125.55,126.92,23668121.0
2021-12-06,MSFT,297.17,299.38,293.84,296.17,23713730.0
2021-12-07,AAPL,126.92,127.15,122.6,122.77,23547338.0
2021-12-07,MSFT,296.17,296.81,292.6,294.17,22845558.0
2021-12-08,AAPL,122.77,123.17,122.67,123.01,15463269.0
2021-12-08,MSFT,294.17,294.8,293.01,293.5,24167875.0
2021-12-09,AAPL,123.01,123.43,121.28,121.78,18086093.0
2021-12-09,MSFT,293.5,296.34,291.23,293.57,7233538.0
2021-12-10,AAPL,121.78,123.22,117.34,118.91,5384916.0
2021-12-10,MSFT,293.57,293.65,285.71,285.74,9026481.0
2021-12-13,AAPL,118.91,122.95,118.8,122.81,12275705.0
2021-12-13,MSFT,285.74,288.06,285.53,287.92,26220823.0
2021-12-14,AAPL,122.81,126.97,122.78,126.94,18209183.0
2021-12-14,MSFT,287.92,289.69,284.93,285.99,29521629.0
2021-12-15,AAPL,126.94,130.62,125.63,130.3,8143094.0
2021-12-15,MSFT,285.99,292.51,284.25,291.83,8189000.0
2021-12-16,AAPL,130.3,131.01,130.28,130.98,6130350.0
2021-12-16,MSFT,291.83,294.72,291.71,294.66,27603511.0
2021-12-17,AAPL,130.98,134.45,130.96,134.42,10248357.0
2021-12-17,MSFT,294.66,301.09,292.45,300.25,11561252.0
2021-12-20,AAPL,134.42,135.47,133.79,134.51,29821931.0
2021-12-20,MSFT,300.25,300.51,295.26,295.61,29482410.0
2021-12-21,AAPL,134.51,135.35,133.86,135.08,22401024.0
2021-12-21,MSFT,295.61,295.64,293.95,293.99,29839747.0
2021-12-22,AAPL,135.08,135.33,132.02,132.37,28706366.0
2021-12-22,MSFT,293.99,294.74,287.29,288.39,20922277.0
2021-12-23,AAPL,132.37,133.87,131.94,133.43,11428550.0
2021-12-23,MSFT,288.39,288.41,285.29,285.31,9755215.0
2021-12-24,AAPL,133.43,134.32,133.01,133.63,19971241.0
2021-12-24,MSFT,285.31,292.04,284.35,291.09,24706133.0
2021-12-27,AAPL,133.63,133.78,130.37,130.44,27297205.0
2021-12-27,MSFT,291.09,298.69,290.14,298.1,7528554.0
2021-12-28,AAPL,130.44,131.45,129.58,130.37,13800763.0
2021-12-28,MSFT,298.1,299.18,291.78,292.86,13356120.0
2021-12-29,AAPL,130.37,130.81,129.76,130.22,21429243.0
2021-12-29,MSFT,292.86,294.45,289.72,290.85,20960132.0
2021-12-30,AAPL,130.22,134.88,130.15,134.78,22320861.0
2021-12-30,MSFT,290.85,291.53,290.16,290.61,6689596.0
2021-12-31,AAPL,134.78,137.59,134.21,137.13,25807087.0
2021-12-31,MSFT,290.61,293.69,290.1,293.4,14828226.0
2022-01-03,AAPL,137.13,137.75,136.62,137.22,29236978.0
2022-01-03,MSFT,293.4,294.75,283.91,285.48,24930066.0
2022-01-04,AAPL,137.22,138.05,136.9,137.93,20379738.0
2022-01-04,MSFT,285.48,285.6,278.43,278.47,7295885.0
2022-01-05,AAPL,137.93,138.16,137.67,138.1,19563342.0
2022-01-05,MSFT,278.47,282.88,276.53,280.72,14169303.0
2022-01-06,AAPL,138.1,138.91,137.42,137.63,26721239.0
2022-01-06,MSFT,280.72,281.63,270.64,272.33,5093560.0
2022-01-07,AAPL,137.63,137.77,134.74,134.9,22113080.0
2022-01-07,MSFT,272.33,274.82,267.68,270.52,21456335.0
2022-01-10,AAPL,134.9,135.89,133.94,134.57,14042116.0
2022-01-10,MSFT,270.52,272.27,269.36,271.3,6979039.0
2022-01-11,AAPL,134.57,134.68,132.67,132.74,20753471.0
2022-01-11,MSFT,271.3,275.12,268.89,273.18,12024276.0
2022-01-12,AAPL,132.74,132.95,128.79,129.69,18728514.0
2022-01-12,MSFT,273.18,275.83,271.11,272.67,18068389.0
2022-01-13,AAPL,129.69,131.91,129.04,131.01,10718916.0
2022-01-13,MSFT,272.67,273.77,270.78,271.2,10362987.0
2022-01-14,AAPL,131.01,132.6,130.45,132.04,17897260.0
2022-01-14,MSFT,271.2,274.93,271.19,274.93,10772323.0
2022-01-17,AAPL,132.04,133.85,126.79,127.7,20589163.0
2022-01-17,MSFT,274.93,277.02,274.57,276.26,25872224.0
2022-01-18,AAPL,127.7,128.09,126.11,127.46,27594767.0
2022-01-18,MSFT,276.26,276.87,273.01,273.56,24438803.0
2022-01-19,AAPL,127.46,130.07,127.26,129.94,19511806.0
2022-01-19,MSFT,273.56,274.61,272.29,273.81,7020012.0
2022-01-20,AAPL,129.94,134.34,129.14,132.62,9122885.0
2022-01-20,MSFT,273.81,277.61,271.52,275.57,26437715.0
2022-01-21,AAPL,132.62,136.03,131.92,135.27,29691128.0
2022-01-21,MSFT,275.57,284.49,274.39,283.23,16704456.0
2022-01-24,AAPL,135.27,136.12,134.57,135.43,19451519.0
2022-01-24,MSFT,283.23,288.91,281.01,286.86,8620825.0
2022-01-25,AAPL,135.43,135.58,133.16,133.34,12177623.0
2022-01-25,MSFT,286.86,293.59,285.27,292.5,27667429.0
2022-01-26,AAPL,133.34,133.62,130.56,130.69,23860779.0
2022-01-26,MSFT,292.5,292.65,289.53,289.8,13425496.0
2022-01-27,AAPL,130.69,133.29,129.72,131.6,14617567.0
2022-01-27,MSFT,289.8,293.32,284.76,287.52,13142723.0
2022-01-28,AAPL,131.6,133.32,131.33,132.6,14251244.0
2022-01-28,MSFT,287.52,288.37,286.15,286.56,8664353.0
2022-01-31,AAPL,132.6,136.49,132.33,135.92,25985944.0
2022-01-31,MSFT,286.56,287.46,284.69,286.01,27157143.0
2022-02-01,AAPL,135.92,139.01,135.77,138.83,26689538.0
2022-02-01,MSFT,286.01,287.18,280.56,281.61,12167317.0
2022-02-02,AAPL,138.83,139.1,138.41,138.55,18098141.0
2022-02-02,MSFT,281.61,287.85,280.89,287.38,19809830.0
2022-02-03,AAPL,138.55,138.95,135.12,135.38,14325369.0
2022-02-03,MSFT,287.38,293.16,285.99,291.51,10980110.0
2022-02-04,AAPL,135.38,136.02,133.79,134.62,26581900.0
2022-02-04,MSFT,291.51,293.01,289.85,290.21,27387409.0
2022-02-07,AAPL,134.62,135.45,134.51,135.24,9332718.0
2022-02-07,MSFT,290.21,294.12,289.35,293.26,24671622.0
2022-02-08,AAPL,135.24,135.81,134.15,134.78,23679916.0
2022-02-08,MSFT,293.26,296.1,292.15,294.4,17575621.0
2022-02-09,AAPL,134.78,135.08,133.06,133.37,19601208.0
2022-02-09,MSFT,294.4,299.95,293.27,297.86,13636991.0
2022-02-10,AAPL,133.37,134.11,133.31,134.06,26351421.0
2022-02-10,MSFT,297.86,301.48,290.39,291.72,21376494.0
2022-02-11,AAPL,134.06,134.14,132.72,132.85,15514200.0
2022-02-11,MSFT,291.72,293.06,290.7,291.15,17389119.0
2022-02-14,AAPL,132.85,133.05,131.1,131.33,25800661.0
2022-02-14,MSFT,291.15,291.3,290.4,290.99,28523152.0
2022-02-15,AAPL,131.33,133.0,130.89,132.16,5379752.0
2022-02-15,MSFT,290.99,294.05,290.62,293.97,21847377.0
2022-02-16,AAPL,132.16,132.61,130.67,131.22,23956688.0
2022-02-16,MSFT,293.97,296.51,288.16,291.17,5679702.0
2022-02-17,AAPL,131.22,131.92,131.2,131.88,6745964.0
2022-02-17,MSFT,291.17,292.05,278.36,280.03,25556416.0
2022-02-18,AAPL,131.88,133.43,131.12,132.62,21060068.0
2022-02-18,MSFT,280.03,280.74,274.55,275.4,9821022.0
2022-02-21,AAPL,132.62,132.68,129.8,129.85,9881929.0
2022-02-21,MSFT,275.4,276.6,273.89,275.23,12530227.0
2022-02-22,AAPL,129.85,129.87,128.72,128.73,29086709.0
2022-02-22,MSFT,275.23,275.68,275.07,275.6,15901143.0
2022-02-23,AAPL,128.73,132.41,128.62,132.33,24233248.0
2022-02-23,MSFT,275.6,283.83,275.31,283.11,10230516.0
2022-02-24,AAPL,132.33,133.94,126.9,129.51,7615419.0
2022-02-24,MSFT,283.11,289.66,279.19,285.82,28557904.0
2022-02-25,AAPL,129.51,129.92,124.2,124.48,27300987.0
2022-02-25,MSFT,285.82,286.33,285.78,286.29,29461334.0
2022-02-28,AAPL,124.48,124.58,120.06,120.23,11298548.0
2022-02-28,MSFT,286.29,287.79,285.22,286.24,8892483.0
2022-03-01,AAPL,120.23,121.42,119.8,120.34,18641021.0
2022-03-01,MSFT,286.24,292.06,285.16,291.37,13003688.0
2022-03-02,AAPL,120.34,120.54,120.28,120.46,7131855.0
2022-03-02,MSFT,291.37,293.91,286.91,288.77,14268618.0
2022-03-03,AAPL,120.46,121.27,117.92,120.25,7639136.0
2022-03-03,MSFT,288.77,289.22,287.83,288.24,21776702.0
2022-03-04,AAPL,120.25,123.46,119.89,123.09,11032862.0
2022-03-04,MSFT,288.24,291.15,280.66,283.44,19944386.0
2022-03-07,AAPL,123.09,123.36,116.88,117.07,18360473.0
2022-03-07,MSFT,283.44,289.96,283.42,289.94,21946026.0
2022-03-08,AAPL,117.07,118.72,116.75,118.0,18572385.0
2022-03-08,MSFT,289.94,292.6,288.23,291.84,5775996.0
2022-03-09,AAPL,118.0,121.79,117.91,121.59,26390136.0
2022-03-09,MSFT,291.84,295.41,285.02,288.71,17850736.0
2022-03-10,AAPL,121.59,121.83,118.91,119.07,9128498.0
2022-03-10,MSFT,288.71,291.13,287.42,288.29,10272888.0
2022-03-11,AAPL,119.07,119.57,117.46,118.27,23736940.0
2022-03-11,MSFT,288.29,291.14,287.24,290.72,10711186.0
2022-03-14,AAPL,118.27,118.5,116.37,116.65,5147003.0
2022-03-14,MSFT,290.72,293.15,286.62,289.67,24367309.0
2022-03-15,AAPL,116.65,116.92,114.02,114.74,12277454.0
2022-03-15,MSFT,289.67,291.62,286.1,287.35,8536435.0
2022-03-16,AAPL,114.74,114.81,114.01,114.08,9375274.0
2022-03-16,MSFT,287.35,288.6,283.53,284.5,5786971.0
2022-03-17,AAPL,114.08,117.54,113.88,117.25,8097265.0
2022-03-17,MSFT,284.5,287.2,282.37,286.13,17175403.0
2022-03-18,AAPL,117.25,123.47,115.19,121.44,19613116.0
2022-03-18,MSFT,286.13,287.39,283.73,284.62,23394889.0
2022-03-21,AAPL,121.44,121.71,120.45,120.73,27517042.0
2022-03-21,MSFT,284.62,285.13,282.3,282.69,17773238.0
2022-03-22,AAPL,120.73,125.93,120.09,125.2,21674416.0
2022-03-22,MSFT,282.69,283.17,276.56,276.9,9033562.0
2022-03-23,AAPL,125.2,125.95,124.71,125.34,26352218.0
2022-03-23,MSFT,276.9,278.14,276.37,277.34,24334168.0
2022-03-24,AAPL,125.34,130.11,124.24,129.62,19786081.0
2022-03-24,MSFT,277.34,278.0,275.4,276.64,14543013.0
2022-03-25,AAPL,129.62,130.73,128.82,129.44,6342884.0
2022-03-25,MSFT,276.64,276.74,275.28,275.34,22745836.0
2022-03-28,AAPL,129.44,130.16,129.35,129.82,13649707.0
2022-03-28,MSFT,275.34,277.4,274.52,276.3,10051618.0
2022-03-29,AAPL,129.82,130.93,129.76,130.77,25591862.0
2022-03-29,MSFT,276.3,280.33,275.36,279.68,27801031.0
2022-03-30,AAPL,130.77,139.01,130.72,138.93,6105231.0
2022-03-30,MSFT,279.68,283.26,279.29,282.88,12089047.0
2022-03-31,AAPL,138.93,142.15,138.31,141.24,7430315.0
2022-03-31,MSFT,282.88,285.69,282.7,285.46,29271514.0
2022-04-01,AAPL,141.24,142.14,138.71,139.42,25845061.0
2022-04-01,MSFT,285.46,287.48,281.42,284.48,14431394.0
2022-04-04,AAPL,139.42,143.05,138.31,142.06,6582090.0
2022-04-04,MSFT,284.48,284.89,280.82,282.05,23196283.0
2022-04-05,AAPL,142.06,142.16,141.02,141.15,28986106.0
2022-04-05,MSFT,282.05,282.08,277.52,277.55,17551421.0
2022-04-06,AAPL,141.15,141.65,139.33,139.91,23965022.0
2022-04-06,MSFT,277.55,277.85,274.39,275.06,6912781.0
2022-04-07,AAPL,139.91,142.75,139.57,142.39,21627884.0
2022-04-07,MSFT,275.06,277.1,274.03,275.25,7456783.0
2022-04-08,AAPL,142.39,143.2,141.81,142.53,18407765.0
2022-04-08,MSFT,275.25,278.24,269.33,271.95,15127957.0
2022-04-11,AAPL,142.53,144.17,142.05,143.34,7233497.0
2022-04-11,MSFT,271.95,275.64,269.45,272.46,9825749.0
2022-04-12,AAPL,143.34,143.73,143.0,143.44,15363700.0
2022-04-12,MSFT,272.46,272.47,268.42,268.44,20220059.0
2022-04-13,AAPL,143.44,144.78,143.06,144.42,25193924.0
2022-04-13,MSFT,268.44,268.72,261.34,261.61,8448777.0
2022-04-14,AAPL,144.42,146.43,143.34,145.64,27596554.0
2022-04-14,MSFT,261.61,265.37,261.16,265.1,19754876.0
2022-04-15,AAPL,145.64,146.59,138.86,140.47,16174538.0
2022-04-15,MSFT,265.1,268.48,260.31,263.22,10121193.0
2022-04-18,AAPL,140.47,142.55,139.89,142.31,25982589.0
2022-04-18,MSFT,263.22,263.33,259.62,259.86,9536094.0
2022-04-19,AAPL,142.31,142.56,139.4,139.75,24414875.0
2022-04-19,MSFT,259.86,260.1,255.36,255.51,14176527.0
2022-04-20,AAPL,139.75,141.14,134.85,136.05,6440586.0
2022-04-20,MSFT,255.51,258.27,254.91,257.31,19573618.0
2022-04-21,AAPL,136.05,138.17,133.09,135.95,20504378.0
2022-04-21,MSFT,257.31,263.3,257.09,263.04,14986821.0
2022-04-22,AAPL,135.95,136.75,134.93,136.23,20402181.0
2022-04-22,MSFT,263.04,264.75,258.45,261.46,13742012.0
2022-04-25,AAPL,136.23,136.43,133.7,134.51,18571976.0
2022-04-25,MSFT,261.46,263.79,259.66,260.67,13505659.0
2022-04-26,AAPL,134.51,137.15,134.3,136.69,24306685.0
2022-04-26,MSFT,260.67,266.39,258.66,265.2,13473171.0
2022-04-27,AAPL,136.69,137.05,133.1,133.33,27237465.0
2022-04-27,MSFT,265.2,265.68,255.82,257.84,15092708.0
2022-04-28,AAPL,133.33,134.36,131.96,132.36,18762264.0
2022-04-28,MSFT,257.84,266.84,256.1,266.04,25850175.0
2022-04-29,AAPL,132.36,132.67,130.84,130.96,13009682.0
2022-04-29,MSFT,266.04,277.58,264.42,276.58,19449597.0
2022-05-02,AAPL,130.96,131.54,129.54,130.9,29575137.0
2022-05-02,MSFT,276.58,276.95,264.91,265.13,15548328.0
2022-05-03,AAPL,130.9,131.93,130.67,131.65,29090706.0
2022-05-03,MSFT,265.13,265.96,264.07,264.82,18184898.0
2022-05-04,AAPL,131.65,131.67,129.19,129.22,22151187.0
2022-05-04,MSFT,264.82,266.18,260.75,261.93,28725977.0
2022-05-05,AAPL,129.22,131.31,128.89,131.05,21015914.0
2022-05-05,MSFT,261.93,263.42,259.6,260.93,19071821.0
2022-05-06,AAPL,131.05,131.84,130.73,131.26,7603575.0
2022-05-06,MSFT,260.93,261.05,259.25,259.31,10400090.0
2022-05-09,AAPL,131.26,131.72,126.39,126.7,15040399.0
2022-05-09,MSFT,259.31,263.66,258.36,262.74,19074919.0
2022-05-10,AAPL,126.7,127.1,122.02,122.15,9957450.0
2022-05-10,MSFT,262.74,263.01,261.87,262.36,24339913.0
2022-05-11,AAPL,122.15,123.1,120.38,122.17,17872347.0
2022-05-11,MSFT,262.36,263.7,257.66,258.72,10328037.0
2022-05-12,AAPL,122.17,122.3,121.63,121.71,25656140.0
2022-05-12,MSFT,258.72,261.0,257.11,258.11,10054934.0
2022-05-13,AAPL,121.71,122.95,119.77,121.53,10613256.0
2022-05-13,MSFT,258.11,260.52,258.05,260.3,19986334.0
2022-05-16,AAPL,121.53,122.2,121.1,121.51,29918916.0
2022-05-16,MSFT,260.3,261.7,254.4,255.58,27112167.0
2022-05-17,AAPL,121.51,124.09,119.94,122.08,8238250.0
2022-05-17,MSFT,255.58,256.44,247.99,249.13,13365590.0
2022-05-18,AAPL,122.08,124.35,122.07,124.34,7458481.0
2022-05-18,MSFT,249.13,258.11,247.81,257.16,17670859.0
2022-05-19,AAPL,124.34,124.47,121.77,121.81,29361802.0
2022-05-19,MSFT,257.16,258.11,254.06,254.66,21375507.0
2022-05-20,AAPL,121.81,122.28,119.05,119.19,7508232.0
2022-05-20,MSFT,254.66,256.64,252.12,254.2,21588038.0
2022-05-23,AAPL,119.19,120.62,114.67,116.8,23379593.0
2022-05-23,MSFT,254.2,254.42,252.57,252.7,8642439.0
2022-05-24,AAPL,116.8,117.78,116.45,117.49,24084676.0
2022-05-24,MSFT,252.7,255.0,252.7,254.99,14880094.0
2022-05-25,AAPL,117.49,120.85,116.91,120.34,13252714.0
2022-05-25,MSFT,254.99,263.9,254.37,262.3,29852889.0
2022-05-26,AAPL,120.34,120.79,119.18,119.41,6608857.0
2022-05-26,MSFT,262.3,265.3,261.96,264.8,27213268.0
2022-05-27,AAPL,119.41,120.31,113.49,113.94,12712105.0
2022-05-27,MSFT,264.8,264.88,258.35,258.63,24301082.0
2022-05-30,AAPL,113.94,113.97,110.36,110.38,6714002.0
2022-05-30,MSFT,258.63,258.68,253.01,253.14,5605508.0
2022-05-31,AAPL,110.38,110.55,108.54,108.7,21806011.0
2022-05-31,MSFT,253.14,253.18,251.61,251.65,15431285.0
2022-06-01,AAPL,108.7,110.02,106.82,107.61,27220412.0
2022-06-01,MSFT,251.65,251.7,250.6,250.67,6279121.0
2022-06-02,AAPL,107.61,107.72,106.67,106.82,29927121.0
2022-06-02,MSFT,250.67,251.37,243.58,244.05,12533796.0
2022-06-03,AAPL,106.82,106.96,106.81,106.94,25011245.0
2022-06-03,MSFT,244.05,247.41,243.99,247.31,26622535.0
2022-06-06,AAPL,106.94,107.08,106.3,106.36,24365841.0
2022-06-06,MSFT,247.31,248.24,242.41,243.2,14695050.0
2022-06-07,AAPL,106.36,109.31,106.0,108.54,27039079.0
2022-06-07,MSFT,243.2,252.77,239.72,249.08,9210996.0
2022-06-08,AAPL,108.54,108.73,106.99,107.2,24246843.0
2022-06-08,MSFT,249.08,258.42,247.84,256.41,23030206.0
2022-06-09,AAPL,107.2,107.38,105.42,105.51,21262835.0
2022-06-09,MSFT,256.41,256.84,254.99,255.5,23975749.0
2022-06-10,AAPL,105.51,106.6,105.45,106.52,29906355.0
2022-06-10,MSFT,255.5,258.04,255.11,257.36,21385194.0
2022-06-13,AAPL,106.52,107.04,103.19,103.51,13063410.0
2022-06-13,MSFT,257.36,260.21,248.66,252.51,25225273.0
2022-06-14,AAPL,103.51,104.95,103.09,104.32,15319039.0
2022-06-14,MSFT,252.51,256.83,251.15,255.09,22552312.0
2022-06-15,AAPL,104.32,104.82,104.1,104.57,27657829.0
2022-06-15,MSFT,255.09,255.39,252.62,253.19,20866831.0
2022-06-16,AAPL,104.57,104.77,104.02,104.32,12775593.0
2022-06-16,MSFT,253.19,253.56,248.76,248.97,27224979.0
2022-06-17,AAPL,104.32,107.9,104.05,107.54,12468088.0
2022-06-17,MSFT,248.97,249.14,247.43,247.93,13103179.0
2022-06-20,AAPL,107.54,107.74,105.94,106.33,8802118.0
2022-06-20,MSFT,247.93,249.54,245.53,246.2,16407380.0
2022-06-21,AAPL,106.33,110.8,106.16,110.6,11887770.0
2022-06-21,MSFT,246.2,247.49,244.43,245.03,19077033.0
2022-06-22,AAPL,110.6,111.06,109.56,110.18,19841082.0
2022-06-22,MSFT,245.03,249.17,244.33,248.81,21738028.0
2022-06-23,AAPL,110.18,110.63,107.09,107.59,27160010.0
2022-06-23,MSFT,248.81,249.13,245.55,245.84,16911891.0
2022-06-24,AAPL,107.59,108.45,106.95,107.78,8406583.0
2022-06-24,MSFT,245.84,254.0,244.31,252.74,16037698.0
2022-06-27,AAPL,107.78,109.3,105.09,105.65,22020564.0
2022-06-27,MSFT,252.74,252.92,247.51,247.61,9133070.0
2022-06-28,AAPL,105.65,106.0,103.63,104.21,24158492.0
2022-06-28,MSFT,247.61,255.52,246.07,254.08,20952451.0
2022-06-29,AAPL,104.21,105.05,104.2,105.04,27391802.0
2022-06-29,MSFT,254.08,254.26,250.03,250.13,8090877.0
2022-06-30,AAPL,105.04,106.19,105.03,106.19,23751200.0
2022-06-30,MSFT,250.13,251.69,248.98,250.22,16870590.0
2022-07-01,AAPL,106.19,106.27,104.91,104.99,8897532.0
2022-07-01,MSFT,250.22,250.46,247.95,248.38,15224564.0
2022-07-04,AAPL,104.99,107.56,104.42,107.01,17222824.0
2022-07-04,MSFT,248.38,251.46,245.72,247.12,24416590.0
2022-07-05,AAPL,107.01,110.23,106.57,109.43,28807419.0
2022-07-05,MSFT,247.12,250.56,246.91,250.35,16914041.0
2022-07-06,AAPL,109.43,112.56,109.35,112.48,27710303.0
2022-07-06,MSFT,250.35,256.98,248.49,256.43,5131503.0
2022-07-07,AAPL,112.48,114.43,112.06,113.66,20318553.0
2022-07-07,MSFT,256.43,262.43,255.34,261.37,17650379.0
2022-07-08,AAPL,113.66,116.76,113.57,116.68,29079746.0
2022-07-08,MSFT,261.37,262.0,258.17,259.8,10392773.0
2022-07-11,AAPL,116.68,117.11,112.33,112.65,21700876.0
2022-07-11,MSFT,259.8,261.44,259.14,260.65,14501057.0
2022-07-12,AAPL,112.65,113.33,111.53,112.02,6622269.0
2022-07-12,MSFT,260.65,262.06,255.66,257.55,12410940.0
2022-07-13,AAPL,112.02,112.22,110.11,110.25,27851514.0
2022-07-13,MSFT,257.55,258.38,252.92,253.65,9165295.0
2022-07-14,AAPL,110.25,110.61,110.18,110.54,9203649.0
2022-07-14,MSFT,253.65,254.94,248.51,249.2,28634862.0
2022-07-15,AAPL,110.54,111.05,108.95,109.4,14518824.0
2022-07-15,MSFT,249.2,250.39,245.39,247.57,11339088.0
2022-07-18,AAPL,109.4,110.44,107.78,109.1,10952542.0
2022-07-18,MSFT,247.57,250.45,246.24,248.63,17676155.0
2022-07-19,AAPL,109.1,113.35,108.99,113.1,22989374.0
2022-07-19,MSFT,248.63,249.64,240.97,241.35,25703339.0
2022-07-20,AAPL,113.1,113.24,112.47,112.79,5749647.0
2022-07-20,MSFT,241.35,242.25,240.81,241.25,14108796.0
2022-07-21,AAPL,112.79,113.99,111.73,113.72,21008515.0
2022-07-21,MSFT,241.25,248.25,239.86,247.17,28432300.0
2022-07-22,AAPL,113.72,115.09,112.12,113.27,26609535.0
2022-07-22,MSFT,247.17,252.8,246.81,251.66,15107802.0
2022-07-25,AAPL,113.27,115.0,112.25,113.48,24693817.0
2022-07-25,MSFT,251.66,252.56,248.0,249.44,28669658.0
2022-07-26,AAPL,113.48,114.43,113.05,113.54,12674772.0
2022-07-26,MSFT,249.44,251.0,242.66,244.1,16295557.0
2022-07-27,AAPL,113.54,115.64,113.15,114.55,27423569.0
2022-07-27,MSFT,244.1,246.13,243.81,245.96,5360681.0
2022-07-28,AAPL,114.55,117.17,114.51,117.15,14051022.0
2022-07-28,MSFT,245.96,246.15,237.13,237.23,26695759.0
2022-07-29,AAPL,117.15,120.95,117.07,120.9,22001521.0
2022-07-29,MSFT,237.23,241.77,236.39,241.5,26601026.0
2022-08-01,AAPL,120.9,121.98,120.22,121.67,17666783.0
2022-08-01,MSFT,241.5,242.07,240.56,240.77,29058396.0
2022-08-02,AAPL,121.67,123.29,121.34,123.08,6690988.0
2022-08-02,MSFT,240.77,248.93,239.8,247.91,8097808.0
2022-08-03,AAPL,123.08,123.61,120.07,120.48,5073390.0
2022-08-03,MSFT,247.91,248.12,241.04,241.34,26104115.0
2022-08-04,AAPL,120.48,121.35,119.65,120.33,9578508.0
2022-08-04,MSFT,241.34,245.95,240.94,244.94,13539831.0
2022-08-05,AAPL,120.33,122.87,119.73,122.54,28366333.0
2022-08-05,MSFT,244.94,247.07,242.01,244.64,26041419.0
2022-08-08,AAPL,122.54,124.96,122.21,124.61,28849454.0
2022-08-08,MSFT,244.64,244.75,243.3,243.45,29087934.0
2022-08-09,AAPL,124.61,125.4,124.28,125.17,15252634.0
2022-08-09,MSFT,243.45,245.38,236.88,238.34,9975377.0
2022-08-10,AAPL,125.17,127.6,124.78,127.33,29216261.0
2022-08-10,MSFT,238.34,241.07,238.06,240.67,14280702.0
2022-08-11,AAPL,127.33,129.3,125.5,128.57,6236397.0
2022-08-11,MSFT,240.67,245.29,238.52,243.34,11716951.0
2022-08-12,AAPL,128.57,132.25,128.15,131.58,29185332.0
2022-08-12,MSFT,243.34,250.66,242.61,250.36,12615874.0
2022-08-15,AAPL,131.58,132.39,131.52,132.35,10772905.0
2022-08-15,MSFT,250.36,254.7,250.13,254.46,19901229.0
2022-08-16,AAPL,132.35,133.36,130.36,131.52,5919985.0
2022-08-16,MSFT,254.46,254.9,251.55,252.18,15311536.0
2022-08-17,AAPL,131.52,133.6,130.57,132.41,23946682.0
2022-08-17,MSFT,252.18,255.02,245.46,248.31,21403435.0
2022-08-18,AAPL,132.41,132.48,125.24,125.33,14561204.0
2022-08-18,MSFT,248.31,248.59,242.35,243.1,21859658.0
2022-08-19,AAPL,125.33,126.9,124.91,126.3,12308300.0
2022-08-19,MSFT,243.1,249.12,242.57,248.9,10067634.0
2022-08-22,AAPL,126.3,127.6,116.57,117.93,23991817.0
2022-08-22,MSFT,248.9,250.11,242.62,245.95,6098150.0
2022-08-23,AAPL,117.93,118.3,113.83,114.2,13326525.0
2022-08-23,MSFT,245.95,252.79,244.96,251.84,23657046.0
2022-08-24,AAPL,114.2,115.81,113.66,115.23,23822145.0
2022-08-24,MSFT,251.84,255.59,250.06,254.02,9539766.0
2022-08-25,AAPL,115.23,116.67,114.9,116.32,9881116.0
2022-08-25,MSFT,254.02,256.68,253.13,255.43,9999088.0
2022-08-26,AAPL,116.32,116.5,113.69,113.84,7147722.0
2022-08-26,MSFT,255.43,255.99,254.02,254.29,20033699.0
2022-08-29,AAPL,113.84,114.32,111.82,112.36,13123026.0
2022-08-29,MSFT,254.29,258.36,253.15,257.04,11575266.0
2022-08-30,AAPL,112.36,115.7,112.14,115.36,20237222.0
2022-08-30,MSFT,257.04,257.21,256.86,257.07,9743594.0
2022-08-31,AAPL,115.36,117.59,112.85,114.36,10624449.0
2022-08-31,MSFT,257.07,257.34,255.42,255.67,12669888.0
2022-09-01,AAPL,114.36,120.01,113.67,119.36,8571740.0
2022-09-01,MSFT,255.67,259.03,255.51,258.58,18065679.0
2022-09-02,AAPL,119.36,119.51,119.29,119.4,23728757.0
2022-09-02,MSFT,258.58,258.75,257.91,258.08,26149785.0
2022-09-05,AAPL,119.4,120.58,119.23,120.38,17330233.0
2022-09-05,MSFT,258.08,258.9,253.71,254.95,29717015.0
2022-09-06,AAPL,120.38,124.58,119.98,124.17,15786419.0
2022-09-06,MSFT,254.95,258.47,253.5,257.46,23302097.0
2022-09-07,AAPL,124.17,125.19,123.39,124.53,10992142.0
2022-09-07,MSFT,257.46,260.07,256.31,257.29,27471731.0
2022-09-08,AAPL,124.53,124.77,121.96,122.24,5442381.0
2022-09-08,MSFT,257.29,260.1,254.88,259.37,18267135.0
2022-09-09,AAPL,122.24,122.31,121.86,122.04,6329029.0
2022-09-09,MSFT,259.37,259.95,257.27,257.61,15208213.0
2022-09-12,AAPL,122.04,124.11,121.32,122.01,22037392.0
2022-09-12,MSFT,257.61,258.18,250.95,252.84,25493732.0
2022-09-13,AAPL,122.01,122.35,118.7,118.95,7000485.0
2022-09-13,MSFT,252.84,261.83,251.14,259.94,12559767.0
2022-09-14,AAPL,118.95,119.2,118.06,118.42,11173197.0
2022-09-14,MSFT,259.94,267.05,259.5,266.44,25323206.0
2022-09-15,AAPL,118.42,119.23,115.97,116.82,27772323.0
2022-09-15,MSFT,266.44,270.81,266.02,270.27,29954934.0
2022-09-16,AAPL,116.82,119.11,116.58,118.93,13599397.0
2022-09-16,MSFT,270.27,270.6,268.09,268.72,14745827.0
2022-09-19,AAPL,118.93,119.94,118.03,119.06,23616149.0
2022-09-19,MSFT,268.72,269.3,266.81,267.55,20835466.0
2022-09-20,AAPL,119.06,119.11,118.44,118.47,13583064.0
2022-09-20,MSFT,267.55,274.27,266.88,273.53,24535932.0
2022-09-21,AAPL,118.47,121.36,115.97,118.29,28295599.0
2022-09-21,MSFT,273.53,274.54,270.9,272.11,24587595.0
2022-09-22,AAPL,118.29,119.74,116.87,118.84,25546552.0
2022-09-22,MSFT,272.11,272.97,267.12,269.51,10156069.0
2022-09-23,AAPL,118.84,121.18,117.5,120.28,16749748.0
2022-09-23,MSFT,269.51,278.59,266.33,277.67,29065091.0
2022-09-26,AAPL,120.28,120.42,117.56,118.08,22110217.0
2022-09-26,MSFT,277.67,278.86,276.14,277.56,17580721.0
2022-09-27,AAPL,118.08,119.93,114.36,115.82,15332312.0
2022-09-27,MSFT,277.56,286.28,276.36,285.5,6044715.0
2022-09-28,AAPL,115.82,118.79,114.68,118.32,28610163.0
2022-09-28,MSFT,285.5,285.66,279.11,279.38,7956043.0
2022-09-29,AAPL,118.32,118.32,117.44,117.45,13960182.0
2022-09-29,MSFT,279.38,285.85,275.2,281.76,23189910.0
2022-09-30,AAPL,117.45,118.41,113.49,114.39,25911442.0
2022-09-30,MSFT,281.76,292.9,280.76,291.21,15669862.0
2022-10-03,AAPL,114.39,115.55,114.28,115.4,20407677.0
2022-10-03,MSFT,291.21,291.57,291.17,291.45,7698739.0
2022-10-04,AAPL,115.4,116.72,115.0,116.47,21092158.0
2022-10-04,MSFT,291.45,292.94,288.94,290.34,18009144.0
2022-10-05,AAPL,116.47,116.62,113.04,113.19,13788984.0
2022-10-05,MSFT,290.34,291.2,284.6,285.15,19988622.0
2022-10-06,AAPL,113.19,114.4,112.45,113.73,25821821.0
2022-10-06,MSFT,285.15,294.79,280.07,290.15,6997958.0
2022-10-07,AAPL,113.73,116.46,112.78,115.37,23656830.0
2022-10-07,MSFT,290.15,290.67,285.81,286.76,13752656.0
2022-10-10,AAPL,115.37,116.63,114.96,116.24,25382295.0
2022-10-10,MSFT,286.76,288.5,284.76,286.43,16565319.0
2022-10-11,AAPL,116.24,118.47,114.68,117.69,25032933.0
2022-10-11,MSFT,286.43,287.18,278.39,281.01,24508366.0
2022-10-12,AAPL,117.69,117.86,114.46,114.65,8940202.0
2022-10-12,MSFT,281.01,290.62,279.82,288.09,21291763.0
2022-10-13,AAPL,114.65,115.98,114.04,115.42,26896114.0
2022-10-13,MSFT,288.09,293.81,287.72,293.48,7175506.0
2022-10-14,AAPL,115.42,115.77,113.8,114.81,26046086.0
2022-10-14,MSFT,293.48,293.57,293.41,293.44,20352205.0
2022-10-17,AAPL,114.81,114.96,113.66,113.81,11070023.0
2022-10-17,MSFT,293.44,294.82,287.59,288.26,27563507.0
2022-10-18,AAPL,113.81,116.43,113.4,115.75,29541307.0
2022-10-18,MSFT,288.26,295.91,287.79,295.42,6358847.0
2022-10-19,AAPL,115.75,120.02,115.13,119.08,18175551.0
2022-10-19,MSFT,295.42,295.92,293.35,293.82,29665899.0
2022-10-20,AAPL,119.08,123.98,117.9,123.24,13047816.0
2022-10-20,MSFT,293.82,294.54,288.38,288.86,7383492.0
2022-10-21,AAPL,123.24,126.72,122.89,126.39,10586115.0
2022-10-21,MSFT,288.86,290.56,279.48,281.05,20566583.0
2022-10-24,AAPL,126.39,126.95,126.06,126.18,14117910.0
2022-10-24,MSFT,281.05,286.55,274.81,278.3,13783906.0
2022-10-25,AAPL,126.18,127.42,126.0,127.08,5938895.0
2022-10-25,MSFT,278.3,278.83,271.72,272.09,23269798.0
2022-10-26,AAPL,127.08,129.43,126.81,128.99,22267635.0
2022-10-26,MSFT,272.09,272.25,269.38,269.53,26067143.0
2022-10-27,AAPL,128.99,129.77,128.74,129.34,22695632.0
2022-10-27,MSFT,269.53,274.24,268.92,272.81,26296480.0
2022-10-28,AAPL,129.34,131.53,126.98,129.71,21694449.0
2022-10-28,MSFT,272.81,273.28,270.14,271.3,26743901.0
2022-10-31,AAPL,129.71,132.0,129.33,131.8,18724531.0
2022-10-31,MSFT,271.3,273.35,270.86,272.92,25406290.0
2022-11-01,AAPL,131.8,131.94,131.59,131.71,14068599.0
2022-11-01,MSFT,272.92,273.6,269.05,269.92,12740321.0
2022-11-02,AAPL,131.71,132.01,129.69,129.96,23098181.0
2022-11-02,MSFT,269.92,270.31,269.9,270.29,16632501.0
2022-11-03,AAPL,129.96,131.52,126.88,129.0,26784562.0
2022-11-03,MSFT,270.29,282.54,267.46,278.69,22972302.0
2022-11-04,AAPL,129.0,130.62,128.99,130.61,7190572.0
2022-11-04,MSFT,278.69,280.03,275.3,277.26,9209386.0
2022-11-07,AAPL,130.61,131.77,129.77,130.67,14572018.0
2022-11-07,MSFT,277.26,279.38,276.93,279.05,19434764.0
2022-11-08,AAPL,130.67,131.71,130.49,131.57,29888154.0
2022-11-08,MSFT,279.05,281.0,269.83,272.35,18255311.0
2022-11-09,AAPL,131.57,133.8,131.19,133.3,26549228.0
2022-11-09,MSFT,272.35,281.12,270.76,279.04,29585556.0
2022-11-10,AAPL,133.3,133.59,132.12,132.42,29858714.0
2022-11-10,MSFT,279.04,279.08,276.98,277.05,6242967.0
2022-11-11,AAPL,132.42,135.95,130.8,134.38,9582348.0
2022-11-11,MSFT,277.05,282.7,273.82,281.77,7366097.0
2022-11-14,AAPL,134.38,135.43,134.31,135.4,16624995.0
2022-11-14,MSFT,281.77,282.64,281.01,281.33,5752520.0
2022-11-15,AAPL,135.4,135.81,132.1,132.33,8258865.0
2022-11-15,MSFT,281.33,284.63,279.9,284.15,18697018.0
2022-11-16,AAPL,132.33,136.24,132.12,136.04,26651467.0
2022-11-16,MSFT,284.15,288.68,280.18,287.27,18769169.0
2022-11-17,AAPL,136.04,136.13,134.7,134.82,17970440.0
2022-11-17,MSFT,287.27,288.52,283.9,285.33,19813441.0
2022-11-18,AAPL,134.82,135.22,130.5,130.72,11089213.0
2022-11-18,MSFT,285.33,290.58,285.2,290.38,11052486.0
2022-11-21,AAPL,130.72,131.63,126.96,128.22,7258100.0
2022-11-21,MSFT,290.38,290.93,286.31,287.03,12691714.0
2022-11-22,AAPL,128.22,128.39,125.59,125.82,23439154.0
2022-11-22,MSFT,287.03,291.6,286.62,290.67,15421536.0
2022-11-23,AAPL,125.82,126.29,125.65,126.0,25296097.0
2022-11-23,MSFT,290.67,292.49,287.77,288.99,6173831.0
2022-11-24,AAPL,126.0,126.52,124.01,125.4,26980646.0
2022-11-24,MSFT,288.99,292.01,287.43,290.69,23811952.0
2022-11-25,AAPL,125.4,125.77,124.28,124.66,29284446.0
2022-11-25,MSFT,290.69,291.57,287.71,288.68,6302613.0
2022-11-28,AAPL,124.66,126.18,124.65,126.18,25366656.0
2022-11-28,MSFT,288.68,289.95,288.08,289.01,21672412.0
2022-11-29,AAPL,126.18,129.8,123.65,127.04,24657912.0
2022-11-29,MSFT,289.01,289.96,283.25,284.26,16340451.0
2022-11-30,AAPL,127.04,128.29,126.57,127.86,25294351.0
2022-11-30,MSFT,284.26,286.96,281.74,285.47,29970567.0
2022-12-01,AAPL,127.86,130.27,126.55,128.91,29967494.0
2022-12-01,MSFT,285.47,287.4,284.15,285.77,22311844.0
2022-12-02,AAPL,128.91,130.89,127.68,130.47,16575665.0
2022-12-02,MSFT,285.77,286.18,283.11,283.45,16888348.0
2022-12-05,AAPL,130.47,130.61,125.35,125.43,23964422.0
2022-12-05,MSFT,283.45,285.16,282.25,283.31,22504394.0
2022-12-06,AAPL,125.43,125.75,124.22,124.62,25499748.0
2022-12-06,MSFT,283.31,285.17,282.95,284.0,7931743.0
2022-12-07,AAPL,124.62,125.26,119.05,119.64,7907024.0
2022-12-07,MSFT,284.0,284.68,279.9,281.36,9524246.0
2022-12-08,AAPL,119.64,121.18,118.79,119.77,22267620.0
2022-12-08,MSFT,281.36,282.74,278.8,280.89,17473831.0
2022-12-09,AAPL,119.77,119.97,119.56,119.81,13470833.0
2022-12-09,MSFT,280.89,283.26,274.91,276.57,26449303.0
2022-12-12,AAPL,119.81,122.27,119.79,122.25,8311284.0
2022-12-12,MSFT,276.57,287.7,273.93,287.08,25501897.0
2022-12-13,AAPL,122.25,125.21,121.83,125.08,9259097.0
2022-12-13,MSFT,287.08,294.01,284.87,292.01,14429060.0
2022-12-14,AAPL,125.08,125.63,124.99,125.61,7854610.0
2022-12-14,MSFT,292.01,295.06,290.14,293.38,12091721.0
2022-12-15,AAPL,125.61,127.38,123.39,124.48,27443627.0
2022-12-15,MSFT,293.38,300.06,292.44,298.95,29109197.0
2022-12-16,AAPL,124.48,126.58,124.25,125.68,24298053.0
2022-12-16,MSFT,298.95,299.76,288.82,289.88,19135649.0
2022-12-19,AAPL,125.68,126.17,123.8,124.48,7553723.0
2022-12-19,MSFT,289.88,290.23,278.09,278.53,7953990.0
2022-12-20,AAPL,124.48,125.19,123.67,124.53,20636602.0
2022-12-20,MSFT,278.53,279.42,274.15,276.88,10623260.0
2022-12-21,AAPL,124.53,128.25,123.25,126.93,21510737.0
2022-12-21,MSFT,276.88,278.76,269.04,271.03,25911367.0
2022-12-22,AAPL,126.93,126.98,125.48,125.65,17984402.0
2022-12-22,MSFT,271.03,271.41,268.94,270.12,27455859.0
2022-12-23,AAPL,125.65,128.43,124.35,127.63,20152735.0
2022-12-23,MSFT,270.12,272.32,269.33,271.09,27708453.0
2022-12-26,AAPL,127.63,129.43,127.54,129.33,27681544.0
2022-12-26,MSFT,271.09,276.5,270.25,275.14,5172996.0
2022-12-27,AAPL,129.33,130.04,126.46,127.07,17971323.0
2022-12-27,MSFT,275.14,275.92,269.62,270.35,25566888.0
2022-12-28,AAPL,127.07,130.14,126.64,129.48,21489758.0
2022-12-28,MSFT,270.35,272.74,269.42,272.15,7799031.0
2022-12-29,AAPL,129.48,131.43,129.31,131.26,19277457.0
2022-12-29,MSFT,272.15,273.48,270.56,272.31,25221028.0
2022-12-30,AAPL,131.26,132.33,130.95,131.56,14903668.0
2022-12-30,MSFT,272.31,274.6,271.32,273.9,27037377.0
2023-01-02,AAPL,131.56,133.05,128.94,129.74,27271374.0
2023-01-02,MSFT,273.9,275.89,269.64,271.76,14032750.0
2023-01-03,AAPL,129.74,130.64,127.15,127.7,15348295.0
2023-01-03,MSFT,271.76,278.72,270.75,277.85,9840432.0
2023-01-04,AAPL,127.7,128.33,126.0,126.46,24998780.0
2023-01-04,MSFT,277.85,278.55,275.44,277.49,22833577.0
2023-01-05,AAPL,126.46,128.48,125.95,127.82,20131109.0
2023-01-05,MSFT,277.49,287.59,275.63,285.45,6711019.0
2023-01-06,AAPL,127.82,127.86,125.56,125.58,22123909.0
2023-01-06,MSFT,285.45,285.69,281.86,282.02,19483664.0
2023-01-09,AAPL,125.58,126.86,125.36,126.68,24006882.0
2023-01-09,MSFT,282.02,285.52,281.94,285.44,13289225.0
2023-01-10,AAPL,126.68,127.85,122.58,123.79,23398448.0
2023-01-10,MSFT,285.44,285.74,285.07,285.27,15611978.0
2023-01-11,AAPL,123.79,126.21,121.06,123.37,19108832.0
2023-01-11,MSFT,285.27,285.51,283.56,283.91,25641178.0
2023-01-12,AAPL,123.37,123.78,123.24,123.67,20387123.0
2023-01-12,MSFT,283.91,288.2,282.52,286.85,29827792.0
2023-01-13,AAPL,123.67,129.86,123.39,129.58,17719022.0
2023-01-13,MSFT,286.85,287.3,284.94,285.6,15054697.0
2023-01-16,AAPL,129.58,130.46,125.31,126.3,13478291.0
2023-01-16,MSFT,285.6,285.79,273.73,273.97,12261367.0
2023-01-17,AAPL,126.3,131.62,125.24,129.92,23172517.0
2023-01-17,MSFT,273.97,275.19,260.7,261.16,25860786.0
2023-01-18,AAPL,129.92,131.39,129.03,130.34,26972024.0
2023-01-18,MSFT,261.16,267.49,259.76,266.54,15328600.0
2023-01-19,AAPL,130.34,132.47,129.51,131.41,22631613.0
2023-01-19,MSFT,266.54,272.5,265.83,271.85,9996235.0
2023-01-20,AAPL,131.41,132.13,131.32,131.76,24304232.0
2023-01-20,MSFT,271.85,280.74,270.32,280.15,27571525.0
2023-01-23,AAPL,131.76,133.51,131.64,132.93,25758671.0
2023-01-23,MSFT,280.15,280.51,279.93,280.17,29793456.0
2023-01-24,AAPL,132.93,134.19,129.8,132.6,14184026.0
2023-01-24,MSFT,280.17,283.84,272.21,274.62,12225206.0
2023-01-25,AAPL,132.6,137.81,132.15,136.35,6563794.0
2023-01-25,MSFT,274.62,274.7,272.84,272.91,8949941.0
2023-01-26,AAPL,136.35,137.5,134.35,135.23,13439290.0
2023-01-26,MSFT,272.91,273.46,272.52,273.06,8817028.0
2023-01-27,AAPL,135.23,138.7,134.88,138.22,23873803.0
2023-01-27,MSFT,273.06,274.15,268.22,268.86,19965635.0
2023-01-30,AAPL,138.22,139.27,136.19,136.6,25393022.0
2023-01-30,MSFT,268.86,277.48,266.49,276.02,12749993.0
2023-01-31,AAPL,136.6,137.27,135.57,136.5,17844011.0
2023-01-31,MSFT,276.02,288.57,274.92,286.03,20577618.0
2023-02-01,AAPL,136.5,137.43,133.33,133.82,24464744.0
2023-02-01,MSFT,286.03,289.81,285.13,288.3,23982791.0
2023-02-02,AAPL,133.82,135.13,133.54,135.03,6867327.0
2023-02-02,MSFT,288.3,291.47,286.43,288.35,5142483.0
2023-02-03,AAPL,135.03,138.98,134.91,138.83,21103159.0
2023-02-03,MSFT,288.35,289.6,281.13,282.63,26496350.0
2023-02-06,AAPL,138.83,139.67,137.86,138.68,21975250.0
2023-02-06,MSFT,282.63,289.72,282.58,289.7,5729149.0
2023-02-07,AAPL,138.68,139.05,138.08,138.23,17696000.0
2023-02-07,MSFT,289.7,291.89,288.48,290.15,7861124.0
2023-02-08,AAPL,138.23,140.84,133.99,135.4,22913504.0
2023-02-08,MSFT,290.15,292.51,287.64,288.93,23121464.0
2023-02-09,AAPL,135.4,135.76,134.54,134.87,17286682.0
2023-02-09,MSFT,288.93,291.73,288.63,291.23,20542817.0
2023-02-10,AAPL,134.87,135.19,130.58,130.93,18090679.0
2023-02-10,MSFT,291.23,292.05,288.17,288.66,29461513.0
2023-02-13,AAPL,130.93,130.95,128.69,128.74,20099158.0
2023-02-13,MSFT,288.66,290.51,287.4,289.43,19182172.0
2023-02-14,AAPL,128.74,129.44,128.7,129.35,24844974.0
2023-02-14,MSFT,289.43,289.59,282.75,283.03,15428151.0
2023-02-15,AAPL,129.35,132.88,129.05,132.67,11217635.0
2023-02-15,MSFT,283.03,288.24,282.96,288.02,21719944.0
2023-02-16,AAPL,132.67,140.25,132.33,139.96,12506202.0
2023-02-16,MSFT,288.02,288.49,286.55,287.65,24050690.0
2023-02-17,AAPL,139.96,141.51,136.5,138.48,15471083.0
2023-02-17,MSFT,287.65,293.94,286.48,293.05,21776409.0
2023-02-20,AAPL,138.48,142.62,138.21,142.34,10047680.0
2023-02-20,MSFT,293.05,293.37,290.78,292.22,14264799.0
2023-02-21,AAPL,142.34,143.89,141.85,143.06,13355591.0
2023-02-21,MSFT,292.22,292.55,291.45,291.7,28986686.0
2023-02-22,AAPL,143.06,143.43,142.17,142.71,13768348.0
2023-02-22,MSFT,291.7,292.09,285.94,286.28,12540326.0
2023-02-23,AAPL,142.71,144.73,142.06,143.94,12855927.0
2023-02-23,MSFT,286.28,290.99,283.57,289.83,13663230.0
2023-02-24,AAPL,143.94,144.41,143.16,144.17,15251262.0
2023-02-24,MSFT,289.83,290.0,285.78,285.96,11944042.0
2023-02-27,AAPL,144.17,145.47,143.53,144.53,17619563.0
2023-02-27,MSFT,285.96,287.98,280.71,283.88,12494173.0
2023-02-28,AAPL,144.53,144.57,143.44,143.48,22398340.0
2023-02-28,MSFT,283.88,284.31,283.07,283.98,10324802.0
2023-03-01,AAPL,143.48,145.56,138.14,139.8,12573496.0
2023-03-01,MSFT,283.98,285.59,283.4,284.63,19530632.0
2023-03-02,AAPL,139.8,140.32,135.22,135.83,26137998.0
2023-03-02,MSFT,284.63,284.69,276.96,277.18,23219030.0
2023-03-03,AAPL,135.83,138.6,135.31,137.58,16985686.0
2023-03-03,MSFT,277.18,278.87,274.6,276.27,15735461.0
2023-03-06,AAPL,137.58,137.74,136.78,136.92,23022954.0
2023-03-06,MSFT,276.27,281.81,272.68,279.85,28070055.0
2023-03-07,AAPL,136.92,137.4,135.07,135.44,7870169.0
2023-03-07,MSFT,279.85,281.19,276.31,278.29,16843856.0
2023-03-08,AAPL,135.44,136.92,134.79,135.52,9349688.0
2023-03-08,MSFT,278.29,279.07,277.07,277.4,16675033.0
2023-03-09,AAPL,135.52,137.82,135.34,137.63,16339104.0
2023-03-09,MSFT,277.4,278.35,277.01,278.21,6731924.0
2023-03-10,AAPL,137.63,138.39,137.4,138.16,14155427.0
2023-03-10,MSFT,278.21,278.7,276.48,277.76,27588178.0
2023-03-13,AAPL,138.16,138.54,136.0,136.51,17403051.0
2023-03-13,MSFT,277.76,278.68,270.46,273.38,8706054.0
2023-03-14,AAPL,136.51,139.98,135.97,139.77,8960342.0
2023-03-14,MSFT,273.38,273.73,272.96,273.32,9110394.0
2023-03-15,AAPL,139.77,144.31,139.47,144.06,16840211.0
2023-03-15,MSFT,273.32,278.93,272.29,277.73,28384373.0
2023-03-16,AAPL,144.06,145.81,143.5,145.48,22168104.0
2023-03-16,MSFT,277.73,278.74,271.56,273.27,17988445.0
2023-03-17,AAPL,145.48,148.57,145.24,148.24,23211377.0
2023-03-17,MSFT,273.27,273.87,271.12,271.76,6707286.0
2023-03-20,AAPL,148.24,152.43,147.8,151.82,11204296.0
2023-03-20,MSFT,271.76,271.86,265.69,266.0,16045087.0
2023-03-21,AAPL,151.82,155.76,151.22,155.17,13610754.0
2023-03-21,MSFT,266.0,272.28,264.21,270.07,19753639.0
2023-03-22,AAPL,155.17,158.83,153.79,157.04,18134673.0
2023-03-22,MSFT,270.07,272.13,267.83,269.77,5252240.0
2023-03-23,AAPL,157.04,159.2,156.78,158.89,17949441.0
2023-03-23,MSFT,269.77,269.86,266.2,266.28,23864375.0
2023-03-24,AAPL,158.89,161.04,158.36,160.53,24795746.0
2023-03-24,MSFT,266.28,267.29,265.94,266.76,21713007.0
2023-03-27,AAPL,160.53,163.95,155.96,157.3,14757247.0
2023-03-27,MSFT,266.76,269.74,258.4,261.84,5296588.0
2023-03-28,AAPL,157.3,160.06,156.82,159.46,21773481.0
2023-03-28,MSFT,261.84,262.37,257.04,257.71,20461445.0
2023-03-29,AAPL,159.46,160.59,155.07,155.49,27093857.0
2023-03-29,MSFT,257.71,259.15,250.94,251.94,10568703.0
2023-03-30,AAPL,155.49,157.4,152.15,153.24,12459349.0
2023-03-30,MSFT,251.94,254.03,246.52,247.83,23360494.0
2023-03-31,AAPL,153.24,158.63,151.28,157.13,25574305.0
2023-03-31,MSFT,247.83,253.41,247.61,253.27,14426800.0
2023-04-03,AAPL,157.13,161.37,156.39,159.71,13321668.0
2023-04-03,MSFT,253.27,254.58,248.79,250.45,10053565.0
2023-04-04,AAPL,159.71,164.78,158.56,164.33,13359814.0
2023-04-04,MSFT,250.45,252.45,250.37,252.38,17670436.0
2023-04-05,AAPL,164.33,166.02,162.44,163.56,21334107.0
2023-04-05,MSFT,252.38,252.87,247.47,249.17,16076048.0
2023-04-06,AAPL,163.56,164.65,159.83,160.1,20544651.0
2023-04-06,MSFT,249.17,254.47,246.72,252.26,13539882.0
2023-04-07,AAPL,160.1,160.36,158.54,159.44,18736693.0
2023-04-07,MSFT,252.26,252.26,248.3,248.3,26960790.0
2023-04-10,AAPL,159.44,160.62,158.95,159.82,10780662.0
2023-04-10,MSFT,248.3,248.78,248.18,248.54,21224981.0
2023-04-11,AAPL,159.82,163.45,156.9,160.12,7409837.0
2023-04-11,MSFT,248.54,249.99,247.65,248.84,17185179.0
2023-04-12,AAPL,160.12,164.75,158.59,163.66,27723629.0
2023-04-12,MSFT,248.84,259.42,248.4,258.22,10659937.0
2023-04-13,AAPL,163.66,163.92,162.2,162.61,26849789.0
2023-04-13,MSFT,258.22,262.2,255.94,260.89,19217091.0
2023-04-14,AAPL,162.61,166.02,161.57,163.76,27166773.0
2023-04-14,MSFT,260.89,261.46,258.06,258.55,5637073.0
2023-04-17,AAPL,163.76,164.41,160.45,160.8,17815331.0
2023-04-17,MSFT,258.55,263.36,256.4,261.45,27118899.0
2023-04-18,AAPL,160.8,162.29,160.68,162.24,27113455.0
2023-04-18,MSFT,261.45,271.42,260.27,270.5,5039276.0
2023-04-19,AAPL,162.24,163.15,161.42,162.32,16834025.0
2023-04-19,MSFT,270.5,271.2,263.03,263.74,22471013.0
2023-04-20,AAPL,162.32,164.74,158.54,160.1,6887536.0
2023-04-20,MSFT,263.74,264.48,259.28,260.35,13637800.0
2023-04-21,AAPL,160.1,160.43,158.59,159.46,9960983.0
2023-04-21,MSFT,260.35,262.79,257.88,259.48,22977670.0
2023-04-24,AAPL,159.46,159.47,158.95,158.97,11815058.0
2023-04-24,MSFT,259.48,260.03,256.75,257.87,14041569.0
2023-04-25,AAPL,158.97,159.56,156.18,158.23,14424845.0
2023-04-25,MSFT,257.87,258.78,254.91,256.61,5653781.0
2023-04-26,AAPL,158.23,164.44,156.54,163.68,28476343.0
2023-04-26,MSFT,256.61,260.11,249.32,251.48,28715102.0
2023-04-27,AAPL,163.68,164.71,162.08,163.44,13320621.0
2023-04-27,MSFT,251.48,257.82,250.45,257.2,24149817.0
2023-04-28,AAPL,163.44,164.58,161.37,162.76,20315428.0
2023-04-28,MSFT,257.2,257.41,251.05,251.59,6119517.0
2023-05-01,AAPL,162.76,162.87,156.4,156.5,11768392.0
2023-05-01,MSFT,251.59,252.35,249.88,250.88,5821906.0
2023-05-02,AAPL,156.5,156.79,153.79,153.94,21081840.0
2023-05-02,MSFT,250.88,255.74,248.23,255.14,18251626.0
2023-05-03,AAPL,153.94,154.68,152.94,153.24,19185164.0
2023-05-03,MSFT,255.14,255.6,254.48,255.11,28914758.0
2023-05-04,AAPL,153.24,153.83,150.36,151.33,8760728.0
2023-05-04,MSFT,255.11,255.25,251.13,251.29,19445332.0
2023-05-05,AAPL,151.33,155.49,150.98,155.4,16556884.0
2023-05-05,MSFT,251.29,251.93,245.72,246.1,5267915.0
2023-05-08,AAPL,155.4,155.93,154.16,154.98,7634892.0
2023-05-08,MSFT,246.1,246.21,245.16,245.29,22481875.0
2023-05-09,AAPL,154.98,158.95,154.92,158.87,27229942.0
2023-05-09,MSFT,245.29,245.53,242.07,242.47,15694349.0
2023-05-10,AAPL,158.87,159.15,158.82,159.12,22603277.0
2023-05-10,MSFT,242.47,243.44,242.33,243.34,13758305.0
2023-05-11,AAPL,159.12,159.48,158.6,159.3,28533599.0
2023-05-11,MSFT,243.34,243.56,237.94,238.11,5203487.0
2023-05-12,AAPL,159.3,159.77,157.83,159.1,26890530.0
2023-05-12,MSFT,238.11,241.74,237.83,241.27,5458848.0
2023-05-15,AAPL,159.1,159.99,158.72,159.17,10486835.0
2023-05-15,MSFT,241.27,242.47,240.94,241.79,20796441.0
2023-05-16,AAPL,159.17,165.39,158.3,164.5,22680670.0
2023-05-16,MSFT,241.79,242.93,241.66,242.6,20879248.0
2023-05-17,AAPL,164.5,168.17,154.4,157.51,7502635.0
2023-05-17,MSFT,242.6,248.99,242.21,248.26,13059698.0
2023-05-18,AAPL,157.51,157.96,151.21,151.72,29014998.0
2023-05-18,MSFT,248.26,248.59,246.29,246.64,7057443.0
2023-05-19,AAPL,151.72,152.15,150.05,150.24,24633438.0
2023-05-19,MSFT,246.64,247.33,242.71,243.92,24321724.0
2023-05-22,AAPL,150.24,150.68,149.21,150.34,22012034.0
2023-05-22,MSFT,243.92,245.76,241.05,241.91,8780988.0
2023-05-23,AAPL,150.34,153.15,149.54,152.38,29871535.0
2023-05-23,MSFT,241.91,242.6,240.66,241.26,9709134.0
2023-05-24,AAPL,152.38,154.0,151.75,153.81,26172698.0
2023-05-24,MSFT,241.26,242.54,239.96,241.0,16308584.0
2023-05-25,AAPL,153.81,154.13,152.62,152.76,26590001.0
2023-05-25,MSFT,241.0,241.06,237.84,237.95,22905141.0
2023-05-26,AAPL,152.76,156.21,152.28,155.8,7503173.0
2023-05-26,MSFT,237.95,238.47,229.86,230.57,29878102.0
2023-05-29,AAPL,155.8,159.6,154.93,158.93,5592435.0
2023-05-29,MSFT,230.57,230.8,228.52,228.63,20637383.0
2023-05-30,AAPL,158.93,159.81,158.65,159.55,29027736.0
2023-05-30,MSFT,228.63,231.65,227.53,230.01,29009787.0
2023-05-31,AAPL,159.55,162.65,159.47,162.54,11281588.0
2023-05-31,MSFT,230.01,232.05,228.43,230.58,21307272.0
2023-06-01,AAPL,162.54,164.79,161.55,163.45,15660012.0
2023-06-01,MSFT,230.58,235.15,230.45,235.06,26197177.0
2023-06-02,AAPL,163.45,164.2,161.2,161.79,6083556.0
2023-06-02,MSFT,235.06,243.01,234.52,242.5,9398692.0
2023-06-05,AAPL,161.79,166.01,161.13,164.01,20576599.0
2023-06-05,MSFT,242.5,245.8,242.38,245.5,6409655.0
2023-06-06,AAPL,164.01,166.3,162.37,164.42,25519484.0
2023-06-06,MSFT,245.5,251.23,245.01,251.0,21729350.0
2023-06-07,AAPL,164.42,164.93,163.69,164.49,26043646.0
2023-06-07,MSFT,251.0,256.21,248.58,254.13,29378711.0
2023-06-08,AAPL,164.49,170.84,162.53,169.21,19535174.0
2023-06-08,MSFT,254.13,261.34,253.91,261.16,23424460.0
2023-06-09,AAPL,169.21,169.36,161.38,161.62,21533157.0
2023-06-09,MSFT,261.16,269.17,260.99,268.98,13579791.0
2023-06-12,AAPL,161.62,162.35,156.63,157.41,17842963.0
2023-06-12,MSFT,268.98,273.91,268.35,273.14,17235256.0
2023-06-13,AAPL,157.41,157.88,153.63,153.98,16153627.0
2023-06-13,MSFT,273.14,276.93,271.57,276.29,7805257.0
2023-06-14,AAPL,153.98,155.04,152.57,152.99,18861247.0
2023-06-14,MSFT,276.29,276.59,275.37,275.5,13509142.0
2023-06-15,AAPL,152.99,153.44,151.95,152.32,28397368.0
2023-06-15,MSFT,275.5,275.94,274.88,275.41,22073116.0
2023-06-16,AAPL,152.32,153.4,146.44,148.1,11311281.0
2023-06-16,MSFT,275.41,276.31,272.5,274.05,9163871.0
2023-06-19,AAPL,148.1,148.74,144.89,145.43,16754795.0
2023-06-19,MSFT,274.05,277.11,273.52,276.84,17040444.0
2023-06-20,AAPL,145.43,145.45,143.14,143.15,20040959.0
2023-06-20,MSFT,276.84,276.92,273.77,273.81,12249013.0
2023-06-21,AAPL,143.15,150.39,142.99,150.01,19253631.0
2023-06-21,MSFT,273.81,274.03,273.01,273.09,17270301.0
2023-06-22,AAPL,150.01,155.55,149.77,155.27,5766674.0
2023-06-22,MSFT,273.09,273.13,263.19,263.24,24095709.0
2023-06-23,AAPL,155.27,155.54,153.72,154.13,12183385.0
2023-06-23,MSFT,263.24,271.03,263.03,270.57,27121832.0
2023-06-26,AAPL,154.13,154.77,152.55,153.14,21150293.0
2023-06-26,MSFT,270.57,271.39,267.45,269.73,15235018.0
2023-06-27,AAPL,153.14,153.44,149.08,149.92,22352404.0
2023-06-27,MSFT,269.73,272.51,267.9,271.77,25679386.0
2023-06-28,AAPL,149.92,149.96,144.64,144.67,23360845.0
2023-06-28,MSFT,271.77,278.72,271.21,278.18,22567831.0
2023-06-29,AAPL,144.67,145.85,141.79,144.41,29784236.0
2023-06-29,MSFT,278.18,280.7,277.66,279.59,28045200.0
2023-06-30,AAPL,144.41,144.62,141.64,141.77,21825656.0
2023-06-30,MSFT,279.59,287.05,278.76,286.13,23502283.0
2023-07-03,AAPL,141.77,142.5,140.72,141.6,19491684.0
2023-07-03,MSFT,286.13,286.48,280.23,280.69,18770354.0
2023-07-04,AAPL,141.6,141.86,137.11,137.44,13302937.0
2023-07-04,MSFT,280.69,295.47,274.37,291.59,21854255.0
2023-07-05,AAPL,137.44,139.04,134.17,135.53,14260490.0
2023-07-05,MSFT,291.59,297.77,290.46,296.73,12941400.0
2023-07-06,AAPL,135.53,137.06,134.49,135.97,25656572.0
2023-07-06,MSFT,296.73,298.82,294.94,297.81,21838460.0
2023-07-07,AAPL,135.97,137.14,135.85,136.97,16717599.0
2023-07-07,MSFT,297.81,305.13,297.15,304.68,22721928.0
2023-07-10,AAPL,136.97,138.15,136.94,138.11,22888599.0
2023-07-10,MSFT,304.68,306.34,297.66,299.23,20270205.0
2023-07-11,AAPL,138.11,138.21,134.73,134.76,8103113.0
2023-07-11,MSFT,299.23,299.5,297.5,297.98,7575200.0
2023-07-12,AAPL,134.76,137.07,134.68,137.02,8207433.0
2023-07-12,MSFT,297.98,305.79,297.31,304.94,17960549.0
2023-07-13,AAPL,137.02,137.07,134.97,135.02,10386872.0
2023-07-13,MSFT,304.94,305.29,295.5,296.21,22772042.0
2023-07-14,AAPL,135.02,137.29,134.74,136.7,9878605.0
2023-07-14,MSFT,296.21,299.81,295.73,298.94,9945417.0
2023-07-17,AAPL,136.7,137.48,136.34,136.73,20174761.0
2023-07-17,MSFT,298.94,301.76,298.82,301.56,24684525.0
2023-07-18,AAPL,136.73,136.73,133.27,133.27,20927710.0
2023-07-18,MSFT,301.56,311.44,300.78,311.17,26070084.0
2023-07-19,AAPL,133.27,133.8,131.85,132.53,18947521.0
2023-07-19,MSFT,311.17,311.27,303.51,303.61,18468129.0
2023-07-20,AAPL,132.53,134.11,132.03,133.51,12235403.0
2023-07-20,MSFT,303.61,311.94,302.3,311.52,29106604.0
2023-07-21,AAPL,133.51,135.49,133.08,135.12,19416777.0
2023-07-21,MSFT,311.52,312.24,308.23,308.89,26445827.0
2023-07-24,AAPL,135.12,135.94,133.85,134.82,7985823.0
2023-07-24,MSFT,308.89,310.56,305.51,306.84,16662101.0
2023-07-25,AAPL,134.82,139.62,133.45,138.83,16820886.0
2023-07-25,MSFT,306.84,307.22,299.49,301.09,27108106.0
2023-07-26,AAPL,138.83,143.82,137.94,141.56,8874224.0
2023-07-26,MSFT,301.09,301.74,295.66,296.08,28330968.0
2023-07-27,AAPL,141.56,141.6,140.85,140.93,6918716.0
2023-07-27,MSFT,296.08,298.35,295.27,298.08,7703518.0
2023-07-28,AAPL,140.93,144.71,138.8,143.01,9140429.0
2023-07-28,MSFT,298.08,298.31,292.7,293.0,29949863.0
2023-07-31,AAPL,143.01,148.56,142.4,148.39,7778380.0
2023-07-31,MSFT,293.0,297.42,289.73,296.54,5124365.0
2023-08-01,AAPL,148.39,155.38,147.51,154.06,16944772.0
2023-08-01,MSFT,296.54,297.21,293.24,293.57,17154897.0
2023-08-02,AAPL,154.06,154.43,149.96,150.58,18645554.0
2023-08-02,MSFT,293.57,293.87,287.77,288.11,28449242.0
2023-08-03,AAPL,150.58,150.92,147.93,148.03,20184636.0
2023-08-03,MSFT,288.11,289.18,285.06,285.83,23108884.0
2023-08-04,AAPL,148.03,152.98,147.36,152.31,15992885.0
2023-08-04,MSFT,285.83,288.2,284.75,287.45,11669310.0
2023-08-07,AAPL,152.31,152.75,148.83,149.36,9410056.0
2023-08-07,MSFT,287.45,287.6,286.22,286.3,21094758.0
2023-08-08,AAPL,149.36,150.04,144.55,145.73,5522241.0
2023-08-08,MSFT,286.3,287.0,285.99,286.55,10366674.0
2023-08-09,AAPL,145.73,146.6,143.37,144.46,22812415.0
2023-08-09,MSFT,286.55,290.1,285.83,289.81,10931620.0
2023-08-10,AAPL,144.46,146.87,143.96,145.67,29568734.0
2023-08-10,MSFT,289.81,295.46,289.52,294.9,27790772.0
2023-08-11,AAPL,145.67,145.91,145.28,145.45,12025315.0
2023-08-11,MSFT,294.9,296.99,292.18,293.57,6177236.0
2023-08-14,AAPL,145.45,145.89,143.44,143.73,10117595.0
2023-08-14,MSFT,293.57,294.18,287.9,288.88,29054889.0
2023-08-15,AAPL,143.73,143.85,141.82,141.97,12788953.0
2023-08-15,MSFT,288.88,289.98,288.11,289.33,16333882.0
2023-08-16,AAPL,141.97,142.21,139.97,140.13,10359709.0
2023-08-16,MSFT,289.33,292.09,289.09,291.58,6618869.0
2023-08-17,AAPL,140.13,142.35,136.54,137.88,10587465.0
2023-08-17,MSFT,291.58,292.35,283.51,285.05,24680124.0
2023-08-18,AAPL,137.88,144.17,137.69,144.01,17363390.0
2023-08-18,MSFT,285.05,286.17,280.54,281.18,6205996.0
2023-08-21,AAPL,144.01,145.11,143.21,144.89,24630153.0
2023-08-21,MSFT,281.18,282.23,275.84,278.11,13128366.0
2023-08-22,AAPL,144.89,147.56,144.8,147.4,22807370.0
2023-08-22,MSFT,278.11,278.42,276.04,277.3,11019728.0
2023-08-23,AAPL,147.4,147.57,145.94,146.1,28995345.0
2023-08-23,MSFT,277.3,277.53,273.39,274.09,24610968.0
2023-08-24,AAPL,146.1,146.11,145.64,145.65,13933930.0
2023-08-24,MSFT,274.09,277.27,274.08,277.26,14917177.0
2023-08-25,AAPL,145.65,147.16,143.28,143.76,17312496.0
2023-08-25,MSFT,277.26,279.76,269.71,270.44,21370042.0
2023-08-28,AAPL,143.76,144.43,136.15,136.79,14507730.0
2023-08-28,MSFT,270.44,270.65,263.64,263.88,6804194.0
2023-08-29,AAPL,136.79,138.45,132.86,133.33,6050766.0
2023-08-29,MSFT,263.88,265.67,261.73,262.59,22388533.0
2023-08-30,AAPL,133.33,133.48,128.73,128.9,14712364.0
2023-08-30,MSFT,262.59,263.64,261.15,261.96,22771923.0
2023-08-31,AAPL,128.9,130.93,121.68,123.58,11514232.0
2023-08-31,MSFT,261.96,262.64,255.65,256.12,12143522.0
2023-09-01,AAPL,123.58,123.64,120.71,120.87,16968076.0
2023-09-01,MSFT,256.12,256.58,253.53,253.77,27031962.0
2023-09-04,AAPL,120.87,126.08,119.42,123.99,8951257.0
2023-09-04,MSFT,253.77,254.0,251.47,252.26,16751184.0
2023-09-05,AAPL,123.99,125.94,122.28,123.94,23541330.0
2023-09-05,MSFT,252.26,256.72,248.91,250.79,21680793.0
2023-09-06,AAPL,123.94,127.82,123.69,127.05,26069057.0
2023-09-06,MSFT,250.79,253.86,249.09,251.48,9542594.0
2023-09-07,AAPL,127.05,128.13,126.99,128.09,29020285.0
2023-09-07,MSFT,251.48,252.07,248.6,248.96,28320870.0
2023-09-08,AAPL,128.09,130.2,127.68,130.05,7121349.0
2023-09-08,MSFT,248.96,255.77,247.59,254.91,11164513.0
2023-09-11,AAPL,130.05,131.01,126.63,127.91,7940828.0
2023-09-11,MSFT,254.91,257.21,254.67,256.97,20652848.0
2023-09-12,AAPL,127.91,129.64,127.55,129.24,29161906.0
2023-09-12,MSFT,256.97,258.38,250.32,253.82,7246251.0
2023-09-13,AAPL,129.24,131.97,128.56,131.09,26205457.0
2023-09-13,MSFT,253.82,255.32,252.61,254.28,6118353.0
2023-09-14,AAPL,131.09,131.71,129.19,129.72,19712844.0
2023-09-14,MSFT,254.28,255.74,253.23,254.87,8169335.0
2023-09-15,AAPL,129.72,131.36,129.53,131.15,13038369.0
2023-09-15,MSFT,254.87,260.86,254.22,259.88,28569779.0
2023-09-18,AAPL,131.15,132.7,131.08,132.62,17943494.0
2023-09-18,MSFT,259.88,259.98,257.38,257.53,10262836.0
2023-09-19,AAPL,132.62,132.73,131.23,131.3,18391293.0
2023-09-19,MSFT,257.53,260.92,257.3,260.75,26989284.0
2023-09-20,AAPL,131.3,131.69,128.17,128.6,26183765.0
2023-09-20,MSFT,260.75,261.93,260.06,261.02,19505855.0
2023-09-21,AAPL,128.6,128.96,125.22,125.81,18234947.0
2023-09-21,MSFT,261.02,268.92,259.61,267.31,7216491.0
2023-09-22,AAPL,125.81,126.67,125.16,126.07,5688690.0
2023-09-22,MSFT,267.31,275.38,266.75,272.9,16030277.0
2023-09-25,AAPL,126.07,127.52,125.91,126.9,22489743.0
2023-09-25,MSFT,272.9,277.12,271.38,273.84,16981757.0
2023-09-26,AAPL,126.9,127.47,124.89,125.07,24428818.0
2023-09-26,MSFT,273.84,275.62,269.22,272.81,11673487.0
2023-09-27,AAPL,125.07,125.54,124.53,125.18,12451811.0
2023-09-27,MSFT,272.81,276.32,271.75,275.09,20102784.0
2023-09-28,AAPL,125.18,126.83,125.05,126.59,7915101.0
2023-09-28,MSFT,275.09,277.05,273.75,274.41,26527811.0
2023-09-29,AAPL,126.59,128.42,126.49,128.13,8555209.0
2023-09-29,MSFT,274.41,281.94,274.36,281.87,27093328.0
2023-10-02,AAPL,128.13,132.83,127.58,132.0,26019452.0
2023-10-02,MSFT,281.87,283.98,279.92,282.32,18128692.0
2023-10-03,AAPL,132.0,135.33,131.98,135.28,16188570.0
2023-10-03,MSFT,282.32,282.5,280.55,280.62,27337705.0
2023-10-04,AAPL,135.28,135.67,132.21,132.8,18229405.0
2023-10-04,MSFT,280.62,282.36,277.61,278.69,28077736.0
2023-10-05,AAPL,132.8,137.5,132.42,137.15,29015491.0
2023-10-05,MSFT,278.69,280.32,272.27,273.51,7200676.0
2023-10-06,AAPL,137.15,138.73,134.48,135.84,6528235.0
2023-10-06,MSFT,273.51,276.58,271.55,276.02,20874124.0
2023-10-09,AAPL,135.84,139.92,134.57,138.6,10148489.0
2023-10-09,MSFT,276.02,276.05,272.55,272.57,24332036.0
2023-10-10,AAPL,138.6,139.43,138.28,138.84,25831125.0
2023-10-10,MSFT,272.57,279.46,271.96,277.43,5394689.0
2023-10-11,AAPL,138.84,139.95,137.32,137.82,18503535.0
2023-10-11,MSFT,277.43,278.04,270.77,271.93,20085291.0
2023-10-12,AAPL,137.82,137.89,133.19,133.25,5682852.0
2023-10-12,MSFT,271.93,273.85,268.41,272.57,27836892.0
2023-10-13,AAPL,133.25,133.49,132.71,132.87,22572170.0
2023-10-13,MSFT,272.57,278.24,271.85,277.65,11705475.0
2023-10-16,AAPL,132.87,134.43,128.35,129.07,8459267.0
2023-10-16,MSFT,277.65,278.59,267.1,268.49,26436583.0
2023-10-17,AAPL,129.07,131.81,128.75,131.5,24553609.0
2023-10-17,MSFT,268.49,277.72,268.27,277.26,28347310.0
2023-10-18,AAPL,131.5,135.74,131.37,135.38,24945613.0
2023-10-18,MSFT,277.26,278.52,274.09,275.51,20881780.0
2023-10-19,AAPL,135.38,136.82,132.67,133.41,25610184.0
2023-10-19,MSFT,275.51,278.13,274.27,276.22,20737418.0
2023-10-20,AAPL,133.41,134.63,132.79,134.23,16621778.0
2023-10-20,MSFT,276.22,279.13,275.72,278.81,18369338.0
2023-10-23,AAPL,134.23,135.84,131.47,132.46,11695595.0
2023-10-23,MSFT,278.81,282.36,278.17,282.12,15225524.0
2023-10-24,AAPL,132.46,133.34,130.38,130.95,27034717.0
2023-10-24,MSFT,282.12,284.56,280.86,283.44,16323151.0
2023-10-25,AAPL,130.95,133.36,130.86,132.94,18969169.0
2023-10-25,MSFT,283.44,288.74,282.84,288.03,18059659.0
2023-10-26,AAPL,132.94,132.96,132.88,132.9,20885731.0
2023-10-26,MSFT,288.03,292.12,286.46,290.49,17054371.0
2023-10-27,AAPL,132.9,138.51,132.23,137.4,8412986.0
2023-10-27,MSFT,290.49,300.15,286.1,298.77,25651354.0
2023-10-30,AAPL,137.4,138.76,134.39,136.21,20588218.0
2023-10-30,MSFT,298.77,304.13,294.46,301.34,24230516.0
2023-10-31,AAPL,136.21,140.14,134.82,138.86,19502326.0
2023-10-31,MSFT,301.34,311.8,300.21,310.92,13689806.0
2023-11-01,AAPL,138.86,139.56,138.21,139.17,12305877.0
2023-11-01,MSFT,310.92,319.76,306.95,315.47,17828540.0
2023-11-02,AAPL,139.17,141.59,139.03,141.34,24171343.0
2023-11-02,MSFT,315.47,315.55,306.55,306.74,10380914.0
2023-11-03,AAPL,141.34,141.71,139.76,140.21,8342013.0
2023-11-03,MSFT,306.74,321.68,304.73,319.73,9400617.0
2023-11-06,AAPL,140.21,141.81,138.46,140.14,22984504.0
2023-11-06,MSFT,319.73,319.9,316.46,316.96,6454439.0
2023-11-07,AAPL,140.14,140.52,139.68,139.89,29029309.0
2023-11-07,MSFT,316.96,326.54,315.6,324.63,26364784.0
2023-11-08,AAPL,139.89,140.57,136.91,137.76,19181415.0
2023-11-08,MSFT,324.63,325.83,323.92,324.88,8154656.0
2023-11-09,AAPL,137.76,140.05,137.29,139.55,7619942.0
2023-11-09,MSFT,324.88,330.72,324.41,330.47,13163754.0
2023-11-10,AAPL,139.55,142.14,138.27,141.33,18832709.0
2023-11-10,MSFT,330.47,330.48,326.99,327.02,11286027.0
2023-11-13,AAPL,141.33,143.1,141.26,142.99,18225264.0
2023-11-13,MSFT,327.02,331.09,326.01,330.38,10170814.0
2023-11-14,AAPL,142.99,147.34,142.94,147.26,18804662.0
2023-11-14,MSFT,330.38,331.55,328.66,329.18,14193353.0
2023-11-15,AAPL,147.26,151.74,147.02,151.41,11814214.0
2023-11-15,MSFT,329.18,338.28,329.01,337.58,22981488.0
2023-11-16,AAPL,151.41,151.73,149.93,150.41,20652159.0
2023-11-16,MSFT,337.58,340.93,335.76,340.04,27310400.0
2023-11-17,AAPL,150.41,151.89,149.62,151.53,11603516.0
2023-11-17,MSFT,340.04,345.81,338.95,345.21,9718312.0
2023-11-20,AAPL,151.53,152.16,148.53,149.82,18946653.0
2023-11-20,MSFT,345.21,345.7,333.45,333.76,10977180.0
2023-11-21,AAPL,149.82,150.64,148.64,149.95,19864655.0
2023-11-21,MSFT,333.76,333.86,333.26,333.43,16741156.0
2023-11-22,AAPL,149.95,150.9,147.82,148.32,21146840.0
2023-11-22,MSFT,333.43,338.34,329.95,335.71,12989963.0
2023-11-23,AAPL,148.32,153.48,147.93,153.0,24948352.0
2023-11-23,MSFT,335.71,337.23,335.45,337.02,24999829.0
2023-11-24,AAPL,153.0,154.23,152.89,154.12,27063388.0
2023-11-24,MSFT,337.02,343.22,336.08,342.28,10575363.0
2023-11-27,AAPL,154.12,154.3,153.26,153.55,24429487.0
2023-11-27,MSFT,342.28,346.57,338.11,340.43,15060105.0
2023-11-28,AAPL,153.55,157.3,153.38,157.12,24896733.0
2023-11-28,MSFT,340.43,341.82,339.77,340.81,18643545.0
2023-11-29,AAPL,157.12,158.39,150.29,150.86,26720042.0
2023-11-29,MSFT,340.81,347.4,340.79,347.33,14537645.0
2023-11-30,AAPL,150.86,150.91,145.19,145.29,11061905.0
2023-11-30,MSFT,347.33,348.51,331.51,335.21,20427167.0
2023-12-01,AAPL,145.29,148.62,143.71,147.55,12322568.0
2023-12-01,MSFT,335.21,343.32,331.69,338.45,24987559.0
2023-12-04,AAPL,147.55,148.2,147.16,147.78,18326366.0
2023-12-04,MSFT,338.45,338.62,336.61,336.8,18303188.0
2023-12-05,AAPL,147.78,149.38,147.19,148.55,16643784.0
2023-12-05,MSFT,336.8,339.09,329.49,332.11,16420924.0
2023-12-06,AAPL,148.55,149.43,144.32,144.93,22553125.0
2023-12-06,MSFT,332.11,334.42,331.67,333.99,28796416.0
2023-12-07,AAPL,144.93,145.68,143.33,144.93,5233364.0
2023-12-07,MSFT,333.99,341.16,333.8,340.63,29544368.0
2023-12-08,AAPL,144.93,151.03,144.69,150.58,8474576.0
2023-12-08,MSFT,340.63,346.95,340.33,346.37,29884450.0
2023-12-11,AAPL,150.58,154.03,149.84,153.01,23671440.0
2023-12-11,MSFT,346.37,346.81,345.62,345.76,5411093.0
2023-12-12,AAPL,153.01,155.8,151.45,153.56,25549160.0
2023-12-12,MSFT,345.76,353.82,342.35,350.68,25934899.0
2023-12-13,AAPL,153.56,153.9,151.98,152.36,12558577.0
2023-12-13,MSFT,350.68,356.69,350.31,355.64,27468147.0
2023-12-14,AAPL,152.36,153.27,149.68,151.29,12773473.0
2023-12-14,MSFT,355.64,358.44,352.54,355.27,25132403.0
2023-12-15,AAPL,151.29,151.47,145.19,145.38,19037338.0
2023-12-15,MSFT,355.27,356.21,351.2,351.54,23738949.0
2023-12-18,AAPL,145.38,146.96,144.75,146.15,16927941.0
2023-12-18,MSFT,351.54,352.31,347.56,348.16,14151319.0
2023-12-19,AAPL,146.15,149.67,145.48,148.57,9232507.0
2023-12-19,MSFT,348.16,353.14,347.96,352.91,23149945.0
2023-12-20,AAPL,148.57,148.88,143.61,144.27,17511502.0
2023-12-20,MSFT,352.91,355.39,350.85,352.8,19494587.0
2023-12-21,AAPL,144.27,145.18,140.76,142.54,25484987.0
2023-12-21,MSFT,352.8,353.6,346.21,347.16,25786810.0
2023-12-22,AAPL,142.54,142.57,139.44,139.51,23238596.0
2023-12-22,MSFT,347.16,347.86,337.31,338.19,13786810.0
2023-12-25,AAPL,139.51,139.67,136.79,137.05,25431805.0
2023-12-25,MSFT,338.19,344.16,337.64,342.77,23565440.0
2023-12-26,AAPL,137.05,137.74,135.67,137.24,21095495.0
2023-12-26,MSFT,342.77,343.62,339.02,339.95,24608896.0
2023-12-27,AAPL,137.24,137.85,131.03,132.0,26936322.0
2023-12-27,MSFT,339.95,344.4,337.43,341.84,25846579.0
2023-12-28,AAPL,132.0,133.99,130.89,133.59,11245531.0
2023-12-28,MSFT,341.84,349.67,340.89,348.7,9295778.0
2023-12-29,AAPL,133.59,135.81,133.47,135.57,6148424.0
2023-12-29,MSFT,348.7,349.85,341.37,341.71,26593692.0
